social_site,date,number_results,error
telegram,2021-08-29,65,NA
truth_social,2021-08-29,0,NA
gettr,2021-08-29,150,NA
parler,2021-08-29,208,NA
gab,2021-08-29,146,NA
telegram,2021-08-30,66,NA
truth_social,2021-08-30,0,NA
gettr,2021-08-30,128,NA
parler,2021-08-30,93,NA
gab,2021-08-30,105,NA
telegram,2021-08-31,31,NA
truth_social,2021-08-31,0,NA
gettr,2021-08-31,63,NA
parler,2021-08-31,129,NA
gab,2021-08-31,68,NA
telegram,2021-09-01,41,NA
truth_social,2021-09-01,0,NA
gettr,2021-09-01,46,NA
parler,2021-09-01,104,NA
gab,2021-09-01,159,NA
telegram,2021-09-02,26,NA
truth_social,2021-09-02,0,NA
gettr,2021-09-02,16,NA
parler,2021-09-02,9,NA
gab,2021-09-02,153,NA
telegram,2021-09-03,37,NA
truth_social,2021-09-03,0,NA
gettr,2021-09-03,28,NA
parler,2021-09-03,1,NA
gab,2021-09-03,80,NA
telegram,2021-09-04,25,NA
truth_social,2021-09-04,0,NA
gettr,2021-09-04,26,NA
parler,2021-09-04,0,NA
gab,2021-09-04,124,NA
telegram,2021-09-05,26,NA
truth_social,2021-09-05,0,NA
gettr,2021-09-05,30,NA
parler,2021-09-05,2,NA
gab,2021-09-05,77,NA
telegram,2021-09-06,38,NA
truth_social,2021-09-06,0,NA
gettr,2021-09-06,34,NA
parler,2021-09-06,1,NA
gab,2021-09-06,72,NA
telegram,2021-09-07,32,NA
truth_social,2021-09-07,0,NA
gettr,2021-09-07,38,NA
parler,2021-09-07,2,NA
gab,2021-09-07,187,NA
telegram,2021-09-08,34,NA
truth_social,2021-09-08,0,NA
gettr,2021-09-08,31,NA
parler,2021-09-08,0,NA
gab,2021-09-08,139,NA
telegram,2021-09-09,14,NA
truth_social,2021-09-09,0,NA
gettr,2021-09-09,39,NA
parler,2021-09-09,1,NA
gab,2021-09-09,119,NA
telegram,2021-09-10,13,NA
truth_social,2021-09-10,0,NA
gettr,2021-09-10,35,NA
parler,2021-09-10,4,NA
gab,2021-09-10,94,NA
telegram,2021-09-11,27,NA
truth_social,2021-09-11,0,NA
gettr,2021-09-11,20,NA
parler,2021-09-11,1,NA
gab,2021-09-11,68,NA
telegram,2021-09-12,11,NA
truth_social,2021-09-12,0,NA
gettr,2021-09-12,22,NA
parler,2021-09-12,2,NA
gab,2021-09-12,91,NA
telegram,2021-09-13,21,NA
truth_social,2021-09-13,0,NA
gettr,2021-09-13,24,NA
parler,2021-09-13,2,NA
gab,2021-09-13,115,NA
telegram,2021-09-14,28,NA
truth_social,2021-09-14,0,NA
gettr,2021-09-14,33,NA
parler,2021-09-14,0,NA
gab,2021-09-14,80,NA
telegram,2021-09-15,40,NA
truth_social,2021-09-15,0,NA
gettr,2021-09-15,32,NA
parler,2021-09-15,1,NA
gab,2021-09-15,78,NA
telegram,2021-09-16,46,NA
truth_social,2021-09-16,0,NA
gettr,2021-09-16,64,NA
parler,2021-09-16,3,NA
gab,2021-09-16,175,NA
telegram,2021-09-17,24,NA
truth_social,2021-09-17,0,NA
gettr,2021-09-17,35,NA
parler,2021-09-17,2,NA
gab,2021-09-17,117,NA
telegram,2021-09-18,22,NA
truth_social,2021-09-18,0,NA
gettr,2021-09-18,20,NA
parler,2021-09-18,8,NA
gab,2021-09-18,102,NA
telegram,2021-09-19,46,NA
truth_social,2021-09-19,0,NA
gettr,2021-09-19,64,NA
parler,2021-09-19,1,NA
gab,2021-09-19,216,NA
telegram,2021-09-20,23,NA
truth_social,2021-09-20,0,NA
gettr,2021-09-20,46,NA
parler,2021-09-20,2,NA
gab,2021-09-20,131,NA
telegram,2021-09-21,30,NA
truth_social,2021-09-21,0,NA
gettr,2021-09-21,65,NA
parler,2021-09-21,1,NA
gab,2021-09-21,311,NA
telegram,2021-09-22,45,NA
truth_social,2021-09-22,0,NA
gettr,2021-09-22,111,NA
parler,2021-09-22,0,NA
gab,2021-09-22,210,NA
telegram,2021-09-23,73,NA
truth_social,2021-09-23,0,NA
gettr,2021-09-23,126,NA
parler,2021-09-23,0,NA
gab,2021-09-23,364,NA
telegram,2021-09-24,26,NA
truth_social,2021-09-24,0,NA
gettr,2021-09-24,38,NA
parler,2021-09-24,7,NA
gab,2021-09-24,132,NA
telegram,2021-09-25,17,NA
truth_social,2021-09-25,0,NA
gettr,2021-09-25,11,NA
parler,2021-09-25,1,NA
gab,2021-09-25,62,NA
telegram,2021-09-26,6,NA
truth_social,2021-09-26,0,NA
gettr,2021-09-26,33,NA
parler,2021-09-26,1,NA
gab,2021-09-26,74,NA
telegram,2021-09-27,36,NA
truth_social,2021-09-27,0,NA
gettr,2021-09-27,34,NA
parler,2021-09-27,1,NA
gab,2021-09-27,123,NA
telegram,2021-09-28,55,NA
truth_social,2021-09-28,0,NA
gettr,2021-09-28,35,NA
parler,2021-09-28,194,NA
gab,2021-09-28,123,NA
telegram,2021-09-29,34,NA
truth_social,2021-09-29,0,NA
gettr,2021-09-29,42,NA
parler,2021-09-29,59,NA
gab,2021-09-29,168,NA
telegram,2021-09-30,21,NA
truth_social,2021-09-30,0,NA
gettr,2021-09-30,40,NA
parler,2021-09-30,173,NA
gab,2021-09-30,115,NA
telegram,2021-10-01,34,NA
truth_social,2021-10-01,0,NA
gettr,2021-10-01,71,NA
parler,2021-10-01,69,NA
gab,2021-10-01,217,NA
telegram,2021-10-02,14,NA
truth_social,2021-10-02,0,NA
gettr,2021-10-02,35,NA
parler,2021-10-02,9,NA
gab,2021-10-02,89,NA
telegram,2021-10-03,12,NA
truth_social,2021-10-03,0,NA
gettr,2021-10-03,32,NA
parler,2021-10-03,6,NA
gab,2021-10-03,93,NA
telegram,2021-10-04,5,NA
truth_social,2021-10-04,0,NA
gettr,2021-10-04,33,NA
parler,2021-10-04,1,NA
gab,2021-10-04,79,NA
telegram,2021-10-05,7,NA
truth_social,2021-10-05,0,NA
gettr,2021-10-05,62,NA
parler,2021-10-05,5,NA
gab,2021-10-05,123,NA
telegram,2021-10-06,29,NA
truth_social,2021-10-06,0,NA
gettr,2021-10-06,127,NA
parler,2021-10-06,1,NA
gab,2021-10-06,369,NA
telegram,2021-10-07,20,NA
truth_social,2021-10-07,0,NA
gettr,2021-10-07,42,NA
parler,2021-10-07,48,NA
gab,2021-10-07,158,NA
telegram,2021-10-08,30,NA
truth_social,2021-10-08,0,NA
gettr,2021-10-08,43,NA
parler,2021-10-08,14,NA
gab,2021-10-08,106,NA
telegram,2021-10-09,11,NA
truth_social,2021-10-09,0,NA
gettr,2021-10-09,29,NA
parler,2021-10-09,32,NA
gab,2021-10-09,109,NA
telegram,2021-10-10,14,NA
truth_social,2021-10-10,0,NA
gettr,2021-10-10,32,NA
parler,2021-10-10,20,NA
gab,2021-10-10,85,NA
telegram,2021-10-11,20,NA
truth_social,2021-10-11,0,NA
gettr,2021-10-11,48,NA
parler,2021-10-11,4,NA
gab,2021-10-11,153,NA
telegram,2021-10-12,60,NA
truth_social,2021-10-12,0,NA
gettr,2021-10-12,267,NA
parler,2021-10-12,1,NA
gab,2021-10-12,699,NA
telegram,2021-10-13,56,NA
truth_social,2021-10-13,0,NA
gettr,2021-10-13,174,NA
parler,2021-10-13,1,NA
gab,2021-10-13,419,NA
telegram,2021-10-14,55,NA
truth_social,2021-10-14,0,NA
gettr,2021-10-14,128,NA
parler,2021-10-14,68,NA
gab,2021-10-14,250,NA
telegram,2021-10-15,38,NA
truth_social,2021-10-15,0,NA
gettr,2021-10-15,65,NA
parler,2021-10-15,35,NA
gab,2021-10-15,134,NA
telegram,2021-10-16,15,NA
truth_social,2021-10-16,0,NA
gettr,2021-10-16,65,NA
parler,2021-10-16,50,NA
gab,2021-10-16,138,NA
telegram,2021-10-17,22,NA
truth_social,2021-10-17,0,NA
gettr,2021-10-17,41,NA
parler,2021-10-17,33,NA
gab,2021-10-17,143,NA
telegram,2021-10-18,31,NA
truth_social,2021-10-18,0,NA
gettr,2021-10-18,45,NA
parler,2021-10-18,2,NA
gab,2021-10-18,104,NA
telegram,2021-10-19,40,NA
truth_social,2021-10-19,0,NA
gettr,2021-10-19,48,NA
parler,2021-10-19,0,NA
gab,2021-10-19,144,NA
telegram,2021-10-20,19,NA
truth_social,2021-10-20,0,NA
gettr,2021-10-20,62,NA
parler,2021-10-20,3,NA
gab,2021-10-20,110,NA
telegram,2021-10-21,20,NA
truth_social,2021-10-21,0,NA
gettr,2021-10-21,71,NA
parler,2021-10-21,55,NA
gab,2021-10-21,142,NA
telegram,2021-10-22,21,NA
truth_social,2021-10-22,0,NA
gettr,2021-10-22,35,NA
parler,2021-10-22,49,NA
gab,2021-10-22,110,NA
telegram,2021-10-23,14,NA
truth_social,2021-10-23,0,NA
gettr,2021-10-23,35,NA
parler,2021-10-23,66,NA
gab,2021-10-23,87,NA
telegram,2021-10-24,23,NA
truth_social,2021-10-24,0,NA
gettr,2021-10-24,21,NA
parler,2021-10-24,29,NA
gab,2021-10-24,81,NA
telegram,2021-10-25,19,NA
truth_social,2021-10-25,0,NA
gettr,2021-10-25,40,NA
parler,2021-10-25,16,NA
gab,2021-10-25,120,NA
telegram,2021-10-26,20,NA
truth_social,2021-10-26,0,NA
gettr,2021-10-26,118,NA
parler,2021-10-26,18,NA
gab,2021-10-26,255,NA
telegram,2021-10-27,33,NA
truth_social,2021-10-27,0,NA
gettr,2021-10-27,99,NA
parler,2021-10-27,40,NA
gab,2021-10-27,228,NA
telegram,2021-10-28,14,NA
truth_social,2021-10-28,0,NA
gettr,2021-10-28,64,NA
parler,2021-10-28,35,NA
gab,2021-10-28,176,NA
telegram,2021-10-29,28,NA
truth_social,2021-10-29,0,NA
gettr,2021-10-29,36,NA
parler,2021-10-29,32,NA
gab,2021-10-29,131,NA
telegram,2021-10-30,27,NA
truth_social,2021-10-30,0,NA
gettr,2021-10-30,119,NA
parler,2021-10-30,32,NA
gab,2021-10-30,255,NA
telegram,2021-10-31,17,NA
truth_social,2021-10-31,0,NA
gettr,2021-10-31,49,NA
parler,2021-10-31,19,NA
gab,2021-10-31,139,NA
telegram,2021-11-01,23,NA
truth_social,2021-11-01,0,NA
gettr,2021-11-01,34,NA
parler,2021-11-01,31,NA
gab,2021-11-01,113,NA
telegram,2021-11-02,19,NA
truth_social,2021-11-02,0,NA
gettr,2021-11-02,58,NA
parler,2021-11-02,25,NA
gab,2021-11-02,129,NA
telegram,2021-11-03,117,NA
truth_social,2021-11-03,0,NA
gettr,2021-11-03,127,NA
parler,2021-11-03,38,NA
gab,2021-11-03,262,NA
telegram,2021-11-04,47,NA
truth_social,2021-11-04,0,NA
gettr,2021-11-04,107,NA
parler,2021-11-04,37,NA
gab,2021-11-04,272,NA
telegram,2021-11-05,51,NA
truth_social,2021-11-05,0,NA
gettr,2021-11-05,86,NA
parler,2021-11-05,21,NA
gab,2021-11-05,230,NA
telegram,2021-11-06,20,NA
truth_social,2021-11-06,0,NA
gettr,2021-11-06,60,NA
parler,2021-11-06,52,NA
gab,2021-11-06,114,NA
telegram,2021-11-07,21,NA
truth_social,2021-11-07,0,NA
gettr,2021-11-07,51,NA
parler,2021-11-07,25,NA
gab,2021-11-07,110,NA
telegram,2021-11-08,17,NA
truth_social,2021-11-08,0,NA
gettr,2021-11-08,65,NA
parler,2021-11-08,32,NA
gab,2021-11-08,122,NA
telegram,2021-11-09,22,NA
truth_social,2021-11-09,0,NA
gettr,2021-11-09,37,NA
parler,2021-11-09,21,NA
gab,2021-11-09,78,NA
telegram,2021-11-10,20,NA
truth_social,2021-11-10,0,NA
gettr,2021-11-10,39,NA
parler,2021-11-10,22,NA
gab,2021-11-10,99,NA
telegram,2021-11-11,40,NA
truth_social,2021-11-11,0,NA
gettr,2021-11-11,195,NA
parler,2021-11-11,25,NA
gab,2021-11-11,372,NA
telegram,2021-11-12,51,NA
truth_social,2021-11-12,0,NA
gettr,2021-11-12,231,NA
parler,2021-11-12,23,NA
gab,2021-11-12,316,NA
telegram,2021-11-13,31,NA
truth_social,2021-11-13,0,NA
gettr,2021-11-13,137,NA
parler,2021-11-13,30,NA
gab,2021-11-13,217,NA
telegram,2021-11-14,16,NA
truth_social,2021-11-14,0,NA
gettr,2021-11-14,62,NA
parler,2021-11-14,37,NA
gab,2021-11-14,100,NA
telegram,2021-11-15,21,NA
truth_social,2021-11-15,0,NA
gettr,2021-11-15,121,NA
parler,2021-11-15,26,NA
gab,2021-11-15,281,NA
telegram,2021-11-16,17,NA
truth_social,2021-11-16,0,NA
gettr,2021-11-16,54,NA
parler,2021-11-16,22,NA
gab,2021-11-16,107,NA
telegram,2021-11-17,33,NA
truth_social,2021-11-17,0,NA
gettr,2021-11-17,87,NA
parler,2021-11-17,32,NA
gab,2021-11-17,197,NA
telegram,2021-11-18,17,NA
truth_social,2021-11-18,0,NA
gettr,2021-11-18,143,NA
parler,2021-11-18,20,NA
gab,2021-11-18,302,NA
telegram,2021-11-19,18,NA
truth_social,2021-11-19,0,NA
gettr,2021-11-19,56,NA
parler,2021-11-19,22,NA
gab,2021-11-19,180,NA
telegram,2021-11-20,22,NA
truth_social,2021-11-20,0,NA
gettr,2021-11-20,34,NA
parler,2021-11-20,22,NA
gab,2021-11-20,100,NA
telegram,2021-11-21,19,NA
truth_social,2021-11-21,0,NA
gettr,2021-11-21,39,NA
parler,2021-11-21,13,NA
gab,2021-11-21,105,NA
telegram,2021-11-22,21,NA
truth_social,2021-11-22,0,NA
gettr,2021-11-22,40,NA
parler,2021-11-22,10,NA
gab,2021-11-22,82,NA
telegram,2021-11-23,18,NA
truth_social,2021-11-23,0,NA
gettr,2021-11-23,36,NA
parler,2021-11-23,19,NA
gab,2021-11-23,77,NA
telegram,2021-11-24,29,NA
truth_social,2021-11-24,0,NA
gettr,2021-11-24,39,NA
parler,2021-11-24,10,NA
gab,2021-11-24,83,NA
telegram,2021-11-25,10,NA
truth_social,2021-11-25,0,NA
gettr,2021-11-25,30,NA
parler,2021-11-25,10,NA
gab,2021-11-25,85,NA
telegram,2021-11-26,7,NA
truth_social,2021-11-26,0,NA
gettr,2021-11-26,37,NA
parler,2021-11-26,17,NA
gab,2021-11-26,89,NA
telegram,2021-11-27,3,NA
truth_social,2021-11-27,0,NA
gettr,2021-11-27,40,NA
parler,2021-11-27,6,NA
gab,2021-11-27,79,NA
telegram,2021-11-28,9,NA
truth_social,2021-11-28,0,NA
gettr,2021-11-28,46,NA
parler,2021-11-28,5,NA
gab,2021-11-28,72,NA
telegram,2021-11-29,12,NA
truth_social,2021-11-29,0,NA
gettr,2021-11-29,50,NA
parler,2021-11-29,30,NA
gab,2021-11-29,87,NA
telegram,2021-11-30,39,NA
truth_social,2021-11-30,0,NA
gettr,2021-11-30,89,NA
parler,2021-11-30,11,NA
gab,2021-11-30,207,NA
telegram,2021-12-01,51,NA
truth_social,2021-12-01,0,NA
gettr,2021-12-01,104,NA
parler,2021-12-01,17,NA
gab,2021-12-01,226,NA
telegram,2021-12-02,25,NA
truth_social,2021-12-02,0,NA
gettr,2021-12-02,92,NA
parler,2021-12-02,11,NA
gab,2021-12-02,137,NA
telegram,2021-12-03,24,NA
truth_social,2021-12-03,0,NA
gettr,2021-12-03,67,NA
parler,2021-12-03,9,NA
gab,2021-12-03,102,NA
telegram,2021-12-04,13,NA
truth_social,2021-12-04,0,NA
gettr,2021-12-04,54,NA
parler,2021-12-04,6,NA
gab,2021-12-04,111,NA
telegram,2021-12-05,35,NA
truth_social,2021-12-05,0,NA
gettr,2021-12-05,76,NA
parler,2021-12-05,15,NA
gab,2021-12-05,98,NA
telegram,2021-12-06,64,NA
truth_social,2021-12-06,0,NA
gettr,2021-12-06,103,NA
parler,2021-12-06,46,NA
gab,2021-12-06,176,NA
telegram,2021-12-07,15,NA
truth_social,2021-12-07,0,NA
gettr,2021-12-07,82,NA
parler,2021-12-07,42,NA
gab,2021-12-07,132,NA
telegram,2021-12-08,27,NA
truth_social,2021-12-08,0,NA
gettr,2021-12-08,57,NA
parler,2021-12-08,13,NA
gab,2021-12-08,107,NA
telegram,2021-12-09,18,NA
truth_social,2021-12-09,0,NA
gettr,2021-12-09,99,NA
parler,2021-12-09,23,NA
gab,2021-12-09,168,NA
telegram,2021-12-10,18,NA
truth_social,2021-12-10,0,NA
gettr,2021-12-10,138,NA
parler,2021-12-10,29,NA
gab,2021-12-10,164,NA
telegram,2021-12-11,17,NA
truth_social,2021-12-11,0,NA
gettr,2021-12-11,70,NA
parler,2021-12-11,11,NA
gab,2021-12-11,120,NA
telegram,2021-12-12,30,NA
truth_social,2021-12-12,0,NA
gettr,2021-12-12,89,NA
parler,2021-12-12,7,NA
gab,2021-12-12,111,NA
telegram,2021-12-13,43,NA
truth_social,2021-12-13,0,NA
gettr,2021-12-13,87,NA
parler,2021-12-13,12,NA
gab,2021-12-13,185,NA
telegram,2021-12-14,29,NA
truth_social,2021-12-14,0,NA
gettr,2021-12-14,75,NA
parler,2021-12-14,6,NA
gab,2021-12-14,129,NA
telegram,2021-12-15,18,NA
truth_social,2021-12-15,0,NA
gettr,2021-12-15,86,NA
parler,2021-12-15,37,NA
gab,2021-12-15,93,NA
telegram,2021-12-16,24,NA
truth_social,2021-12-16,0,NA
gettr,2021-12-16,90,NA
parler,2021-12-16,23,NA
gab,2021-12-16,114,NA
telegram,2021-12-17,14,NA
truth_social,2021-12-17,0,NA
gettr,2021-12-17,62,NA
parler,2021-12-17,28,NA
gab,2021-12-17,94,NA
telegram,2021-12-18,13,NA
truth_social,2021-12-18,0,NA
gettr,2021-12-18,66,NA
parler,2021-12-18,20,NA
gab,2021-12-18,92,NA
telegram,2021-12-19,5,NA
truth_social,2021-12-19,0,NA
gettr,2021-12-19,74,NA
parler,2021-12-19,14,NA
gab,2021-12-19,53,NA
telegram,2021-12-20,8,NA
truth_social,2021-12-20,0,NA
gettr,2021-12-20,80,NA
parler,2021-12-20,4,NA
gab,2021-12-20,143,NA
telegram,2021-12-21,15,NA
truth_social,2021-12-21,0,NA
gettr,2021-12-21,102,NA
parler,2021-12-21,12,NA
gab,2021-12-21,160,NA
telegram,2021-12-22,16,NA
truth_social,2021-12-22,0,NA
gettr,2021-12-22,64,NA
parler,2021-12-22,26,NA
gab,2021-12-22,122,NA
telegram,2021-12-23,23,NA
truth_social,2021-12-23,0,NA
gettr,2021-12-23,52,NA
parler,2021-12-23,21,NA
gab,2021-12-23,88,NA
telegram,2021-12-24,18,NA
truth_social,2021-12-24,0,NA
gettr,2021-12-24,54,NA
parler,2021-12-24,27,NA
gab,2021-12-24,91,NA
telegram,2021-12-25,9,NA
truth_social,2021-12-25,0,NA
gettr,2021-12-25,59,NA
parler,2021-12-25,18,NA
gab,2021-12-25,121,NA
telegram,2021-12-26,6,NA
truth_social,2021-12-26,0,NA
gettr,2021-12-26,33,NA
parler,2021-12-26,11,NA
gab,2021-12-26,79,NA
telegram,2021-12-27,15,NA
truth_social,2021-12-27,0,NA
gettr,2021-12-27,65,NA
parler,2021-12-27,12,NA
gab,2021-12-27,58,NA
telegram,2021-12-28,24,NA
truth_social,2021-12-28,0,NA
gettr,2021-12-28,89,NA
parler,2021-12-28,11,NA
gab,2021-12-28,83,NA
telegram,2021-12-29,8,NA
truth_social,2021-12-29,0,NA
gettr,2021-12-29,51,NA
parler,2021-12-29,46,NA
gab,2021-12-29,72,NA
telegram,2021-12-30,13,NA
truth_social,2021-12-30,0,NA
gettr,2021-12-30,99,NA
parler,2021-12-30,31,NA
gab,2021-12-30,126,NA
telegram,2021-12-31,12,NA
truth_social,2021-12-31,0,NA
gettr,2021-12-31,90,NA
parler,2021-12-31,21,NA
gab,2021-12-31,174,NA
telegram,2022-01-01,29,NA
truth_social,2022-01-01,0,NA
gettr,2022-01-01,144,NA
parler,2022-01-01,27,NA
gab,2022-01-01,183,NA
telegram,2022-01-02,24,NA
truth_social,2022-01-02,0,NA
gettr,2022-01-02,201,NA
parler,2022-01-02,32,NA
gab,2022-01-02,216,NA
telegram,2022-01-03,41,NA
truth_social,2022-01-03,0,NA
gettr,2022-01-03,195,NA
parler,2022-01-03,33,NA
gab,2022-01-03,267,NA
telegram,2022-01-04,10,NA
truth_social,2022-01-04,0,NA
gettr,2022-01-04,142,NA
parler,2022-01-04,32,NA
gab,2022-01-04,147,NA
telegram,2022-01-05,22,NA
truth_social,2022-01-05,0,NA
gettr,2022-01-05,274,NA
parler,2022-01-05,34,NA
gab,2022-01-05,161,NA
telegram,2022-01-06,43,NA
truth_social,2022-01-06,0,NA
gettr,2022-01-06,432,NA
parler,2022-01-06,63,NA
gab,2022-01-06,282,NA
telegram,2022-01-07,29,NA
truth_social,2022-01-07,0,NA
gettr,2022-01-07,262,NA
parler,2022-01-07,38,NA
gab,2022-01-07,285,NA
telegram,2022-01-08,20,NA
truth_social,2022-01-08,0,NA
gettr,2022-01-08,151,NA
parler,2022-01-08,32,NA
gab,2022-01-08,163,NA
telegram,2022-01-09,70,NA
truth_social,2022-01-09,0,NA
gettr,2022-01-09,309,NA
parler,2022-01-09,41,NA
gab,2022-01-09,162,NA
telegram,2022-01-10,42,NA
truth_social,2022-01-10,0,NA
gettr,2022-01-10,351,NA
parler,2022-01-10,29,NA
gab,2022-01-10,204,NA
telegram,2022-01-11,22,NA
truth_social,2022-01-11,0,NA
gettr,2022-01-11,305,NA
parler,2022-01-11,38,NA
gab,2022-01-11,233,NA
telegram,2022-01-12,71,NA
truth_social,2022-01-12,0,NA
gettr,2022-01-12,324,NA
parler,2022-01-12,40,NA
gab,2022-01-12,181,NA
telegram,2022-01-13,67,NA
truth_social,2022-01-13,0,NA
gettr,2022-01-13,208,NA
parler,2022-01-13,28,NA
gab,2022-01-13,175,NA
telegram,2022-01-14,20,NA
truth_social,2022-01-14,0,NA
gettr,2022-01-14,143,NA
parler,2022-01-14,31,NA
gab,2022-01-14,140,NA
telegram,2022-01-15,40,NA
truth_social,2022-01-15,0,NA
gettr,2022-01-15,164,NA
parler,2022-01-15,38,NA
gab,2022-01-15,162,NA
telegram,2022-01-16,23,NA
truth_social,2022-01-16,0,NA
gettr,2022-01-16,182,NA
parler,2022-01-16,28,NA
gab,2022-01-16,130,NA
telegram,2022-01-17,18,NA
truth_social,2022-01-17,0,NA
gettr,2022-01-17,210,NA
parler,2022-01-17,42,NA
gab,2022-01-17,138,NA
telegram,2022-01-18,49,NA
truth_social,2022-01-18,0,NA
gettr,2022-01-18,182,NA
parler,2022-01-18,36,NA
gab,2022-01-18,150,NA
telegram,2022-01-19,18,NA
truth_social,2022-01-19,0,NA
gettr,2022-01-19,198,NA
parler,2022-01-19,22,NA
gab,2022-01-19,163,NA
telegram,2022-01-20,31,NA
truth_social,2022-01-20,0,NA
gettr,2022-01-20,497,NA
parler,2022-01-20,21,NA
gab,2022-01-20,442,NA
telegram,2022-01-21,37,NA
truth_social,2022-01-21,0,NA
gettr,2022-01-21,477,NA
parler,2022-01-21,29,NA
gab,2022-01-21,517,NA
telegram,2022-01-22,30,NA
truth_social,2022-01-22,0,NA
gettr,2022-01-22,276,NA
parler,2022-01-22,27,NA
gab,2022-01-22,185,NA
telegram,2022-01-23,26,NA
truth_social,2022-01-23,0,NA
gettr,2022-01-23,249,NA
parler,2022-01-23,35,NA
gab,2022-01-23,136,NA
telegram,2022-01-24,60,NA
truth_social,2022-01-24,0,NA
gettr,2022-01-24,377,NA
parler,2022-01-24,63,NA
gab,2022-01-24,378,NA
telegram,2022-01-25,59,NA
truth_social,2022-01-25,0,NA
gettr,2022-01-25,370,NA
parler,2022-01-25,58,NA
gab,2022-01-25,319,NA
telegram,2022-01-26,45,NA
truth_social,2022-01-26,0,NA
gettr,2022-01-26,292,NA
parler,2022-01-26,32,NA
gab,2022-01-26,267,NA
telegram,2022-01-27,46,NA
truth_social,2022-01-27,0,NA
gettr,2022-01-27,185,NA
parler,2022-01-27,37,NA
gab,2022-01-27,191,NA
telegram,2022-01-28,77,NA
truth_social,2022-01-28,0,NA
gettr,2022-01-28,399,NA
parler,2022-01-28,41,NA
gab,2022-01-28,353,NA
telegram,2022-01-29,42,NA
truth_social,2022-01-29,0,NA
gettr,2022-01-29,190,NA
parler,2022-01-29,27,NA
gab,2022-01-29,135,NA
telegram,2022-01-30,33,NA
truth_social,2022-01-30,0,NA
gettr,2022-01-30,177,NA
parler,2022-01-30,32,NA
gab,2022-01-30,139,NA
telegram,2022-01-31,21,NA
truth_social,2022-01-31,0,NA
gettr,2022-01-31,248,NA
parler,2022-01-31,57,NA
gab,2022-01-31,148,NA
telegram,2022-02-01,44,NA
truth_social,2022-02-01,0,NA
gettr,2022-02-01,161,NA
parler,2022-02-01,23,NA
gab,2022-02-01,94,NA
telegram,2022-02-02,36,NA
truth_social,2022-02-02,0,NA
gettr,2022-02-02,240,NA
parler,2022-02-02,32,NA
gab,2022-02-02,161,NA
telegram,2022-02-03,44,NA
truth_social,2022-02-03,0,NA
gettr,2022-02-03,340,NA
parler,2022-02-03,54,NA
gab,2022-02-03,273,NA
telegram,2022-02-04,46,NA
truth_social,2022-02-04,0,NA
gettr,2022-02-04,400,NA
parler,2022-02-04,76,NA
gab,2022-02-04,231,NA
telegram,2022-02-05,49,NA
truth_social,2022-02-05,0,NA
gettr,2022-02-05,555,NA
parler,2022-02-05,53,NA
gab,2022-02-05,285,NA
telegram,2022-02-06,35,NA
truth_social,2022-02-06,0,NA
gettr,2022-02-06,263,NA
parler,2022-02-06,28,NA
gab,2022-02-06,146,NA
telegram,2022-02-07,36,NA
truth_social,2022-02-07,0,NA
gettr,2022-02-07,388,NA
parler,2022-02-07,42,NA
gab,2022-02-07,152,NA
telegram,2022-02-08,54,NA
truth_social,2022-02-08,0,NA
gettr,2022-02-08,345,NA
parler,2022-02-08,60,NA
gab,2022-02-08,187,NA
telegram,2022-02-09,21,NA
truth_social,2022-02-09,0,NA
gettr,2022-02-09,253,NA
parler,2022-02-09,24,NA
gab,2022-02-09,104,NA
telegram,2022-02-10,55,NA
truth_social,2022-02-10,0,NA
gettr,2022-02-10,165,NA
parler,2022-02-10,20,NA
gab,2022-02-10,109,NA
telegram,2022-02-11,27,NA
truth_social,2022-02-11,0,NA
gettr,2022-02-11,131,NA
parler,2022-02-11,89,NA
gab,2022-02-11,70,NA
telegram,2022-02-12,15,NA
truth_social,2022-02-12,0,NA
gettr,2022-02-12,132,NA
parler,2022-02-12,18,NA
gab,2022-02-12,58,NA
telegram,2022-02-13,17,NA
truth_social,2022-02-13,0,NA
gettr,2022-02-13,178,NA
parler,2022-02-13,41,NA
gab,2022-02-13,67,NA
telegram,2022-02-14,37,NA
truth_social,2022-02-14,4,NA
gettr,2022-02-14,359,NA
parler,2022-02-14,43,NA
gab,2022-02-14,304,NA
telegram,2022-02-15,49,NA
truth_social,2022-02-15,0,NA
gettr,2022-02-15,423,NA
parler,2022-02-15,38,NA
gab,2022-02-15,192,NA
telegram,2022-02-16,49,NA
truth_social,2022-02-16,0,NA
gettr,2022-02-16,328,NA
parler,2022-02-16,30,NA
gab,2022-02-16,187,NA
telegram,2022-02-17,48,NA
truth_social,2022-02-17,0,NA
gettr,2022-02-17,359,NA
parler,2022-02-17,42,NA
gab,2022-02-17,221,NA
telegram,2022-02-18,51,NA
truth_social,2022-02-18,5,NA
gettr,2022-02-18,336,NA
parler,2022-02-18,32,NA
gab,2022-02-18,208,NA
telegram,2022-02-19,89,NA
truth_social,2022-02-19,1,NA
gettr,2022-02-19,202,NA
parler,2022-02-19,33,NA
gab,2022-02-19,89,NA
telegram,2022-02-20,30,NA
truth_social,2022-02-20,2,NA
gettr,2022-02-20,121,NA
parler,2022-02-20,42,NA
gab,2022-02-20,67,NA
telegram,2022-02-21,24,NA
truth_social,2022-02-21,4,NA
gettr,2022-02-21,142,NA
parler,2022-02-21,26,NA
gab,2022-02-21,76,NA
telegram,2022-02-22,23,NA
truth_social,2022-02-22,8,NA
gettr,2022-02-22,164,NA
parler,2022-02-22,37,NA
gab,2022-02-22,68,NA
telegram,2022-02-23,33,NA
truth_social,2022-02-23,4,NA
gettr,2022-02-23,162,NA
parler,2022-02-23,47,NA
gab,2022-02-23,87,NA
telegram,2022-02-24,16,NA
truth_social,2022-02-24,11,NA
gettr,2022-02-24,145,NA
parler,2022-02-24,25,NA
gab,2022-02-24,79,NA
telegram,2022-02-25,15,NA
truth_social,2022-02-25,13,NA
gettr,2022-02-25,146,NA
parler,2022-02-25,44,NA
gab,2022-02-25,86,NA
telegram,2022-02-26,16,NA
truth_social,2022-02-26,12,NA
gettr,2022-02-26,143,NA
parler,2022-02-26,23,NA
gab,2022-02-26,77,NA
telegram,2022-02-27,30,NA
truth_social,2022-02-27,13,NA
gettr,2022-02-27,133,NA
parler,2022-02-27,21,NA
gab,2022-02-27,50,NA
telegram,2022-02-28,46,NA
truth_social,2022-02-28,23,NA
gettr,2022-02-28,223,NA
parler,2022-02-28,61,NA
gab,2022-02-28,66,NA
telegram,2022-03-01,84,NA
truth_social,2022-03-01,22,NA
gettr,2022-03-01,453,NA
parler,2022-03-01,36,NA
gab,2022-03-01,470,NA
telegram,2022-03-02,56,NA
truth_social,2022-03-02,8,NA
gettr,2022-03-02,373,NA
parler,2022-03-02,44,NA
gab,2022-03-02,377,NA
telegram,2022-03-03,18,NA
truth_social,2022-03-03,4,NA
gettr,2022-03-03,166,NA
parler,2022-03-03,35,NA
gab,2022-03-03,122,NA
telegram,2022-03-04,27,NA
truth_social,2022-03-04,13,NA
gettr,2022-03-04,201,NA
parler,2022-03-04,33,NA
gab,2022-03-04,154,NA
telegram,2022-03-05,22,NA
truth_social,2022-03-05,7,NA
gettr,2022-03-05,155,NA
parler,2022-03-05,28,NA
gab,2022-03-05,84,NA
telegram,2022-03-06,22,NA
truth_social,2022-03-06,2,NA
gettr,2022-03-06,147,NA
parler,2022-03-06,18,NA
gab,2022-03-06,59,NA
telegram,2022-03-07,25,NA
truth_social,2022-03-07,28,NA
gettr,2022-03-07,107,NA
parler,2022-03-07,27,NA
gab,2022-03-07,90,NA
telegram,2022-03-08,28,NA
truth_social,2022-03-08,16,NA
gettr,2022-03-08,148,NA
parler,2022-03-08,27,NA
gab,2022-03-08,121,NA
telegram,2022-03-09,19,NA
truth_social,2022-03-09,56,NA
gettr,2022-03-09,130,NA
parler,2022-03-09,17,NA
gab,2022-03-09,102,NA
telegram,2022-03-10,14,NA
truth_social,2022-03-10,26,NA
gettr,2022-03-10,128,NA
parler,2022-03-10,10,NA
gab,2022-03-10,57,NA
telegram,2022-03-11,12,NA
truth_social,2022-03-11,32,NA
gettr,2022-03-11,90,NA
parler,2022-03-11,15,NA
gab,2022-03-11,59,NA
telegram,2022-03-12,22,NA
truth_social,2022-03-12,67,NA
gettr,2022-03-12,127,NA
parler,2022-03-12,7,NA
gab,2022-03-12,80,NA
telegram,2022-03-13,25,NA
truth_social,2022-03-13,42,NA
gettr,2022-03-13,92,NA
parler,2022-03-13,41,NA
gab,2022-03-13,56,NA
telegram,2022-03-14,21,NA
truth_social,2022-03-14,25,NA
gettr,2022-03-14,123,NA
parler,2022-03-14,19,NA
gab,2022-03-14,94,NA
telegram,2022-03-15,28,NA
truth_social,2022-03-15,26,NA
gettr,2022-03-15,113,NA
parler,2022-03-15,35,NA
gab,2022-03-15,87,NA
telegram,2022-03-16,28,NA
truth_social,2022-03-16,10,NA
gettr,2022-03-16,94,NA
parler,2022-03-16,31,NA
gab,2022-03-16,104,NA
telegram,2022-03-17,26,NA
truth_social,2022-03-17,20,NA
gettr,2022-03-17,123,NA
parler,2022-03-17,18,NA
gab,2022-03-17,92,NA
telegram,2022-03-18,13,NA
truth_social,2022-03-18,30,NA
gettr,2022-03-18,97,NA
parler,2022-03-18,14,NA
gab,2022-03-18,99,NA
telegram,2022-03-19,7,NA
truth_social,2022-03-19,48,NA
gettr,2022-03-19,75,NA
parler,2022-03-19,10,NA
gab,2022-03-19,95,NA
telegram,2022-03-20,11,NA
truth_social,2022-03-20,14,NA
gettr,2022-03-20,64,NA
parler,2022-03-20,7,NA
gab,2022-03-20,60,NA
telegram,2022-03-21,30,NA
truth_social,2022-03-21,69,NA
gettr,2022-03-21,124,NA
parler,2022-03-21,13,NA
gab,2022-03-21,78,NA
telegram,2022-03-22,31,NA
truth_social,2022-03-22,47,NA
gettr,2022-03-22,214,NA
parler,2022-03-22,30,NA
gab,2022-03-22,125,NA
telegram,2022-03-23,38,NA
truth_social,2022-03-23,45,NA
gettr,2022-03-23,238,NA
parler,2022-03-23,27,NA
gab,2022-03-23,162,NA
telegram,2022-03-24,20,NA
truth_social,2022-03-24,113,NA
gettr,2022-03-24,281,NA
parler,2022-03-24,29,NA
gab,2022-03-24,226,NA
telegram,2022-03-25,36,NA
truth_social,2022-03-25,111,NA
gettr,2022-03-25,484,NA
parler,2022-03-25,23,NA
gab,2022-03-25,306,NA
telegram,2022-03-26,19,NA
truth_social,2022-03-26,65,NA
gettr,2022-03-26,274,NA
parler,2022-03-26,17,NA
gab,2022-03-26,173,NA
telegram,2022-03-27,47,NA
truth_social,2022-03-27,40,NA
gettr,2022-03-27,171,NA
parler,2022-03-27,41,NA
gab,2022-03-27,109,NA
telegram,2022-03-28,25,NA
truth_social,2022-03-28,84,NA
gettr,2022-03-28,198,NA
parler,2022-03-28,23,NA
gab,2022-03-28,104,NA
telegram,2022-03-29,69,NA
truth_social,2022-03-29,134,NA
gettr,2022-03-29,211,NA
parler,2022-03-29,35,NA
gab,2022-03-29,137,NA
telegram,2022-03-30,16,NA
truth_social,2022-03-30,90,NA
gettr,2022-03-30,282,NA
parler,2022-03-30,28,NA
gab,2022-03-30,195,NA
telegram,2022-03-31,43,NA
truth_social,2022-03-31,63,NA
gettr,2022-03-31,218,NA
parler,2022-03-31,39,NA
gab,2022-03-31,157,NA
telegram,2022-04-01,34,NA
truth_social,2022-04-01,69,NA
gettr,2022-04-01,127,NA
parler,2022-04-01,25,NA
gab,2022-04-01,87,NA
telegram,2022-04-02,30,NA
truth_social,2022-04-02,28,NA
gettr,2022-04-02,86,NA
parler,2022-04-02,33,NA
gab,2022-04-02,68,NA
telegram,2022-04-03,17,NA
truth_social,2022-04-03,42,NA
gettr,2022-04-03,153,NA
parler,2022-04-03,17,NA
gab,2022-04-03,107,NA
telegram,2022-04-04,43,NA
truth_social,2022-04-04,45,NA
gettr,2022-04-04,179,NA
parler,2022-04-04,29,NA
gab,2022-04-04,123,NA
telegram,2022-04-05,34,NA
truth_social,2022-04-05,37,NA
gettr,2022-04-05,266,NA
parler,2022-04-05,23,NA
gab,2022-04-05,159,NA
telegram,2022-04-06,27,NA
truth_social,2022-04-06,96,NA
gettr,2022-04-06,256,NA
parler,2022-04-06,29,NA
gab,2022-04-06,187,NA
telegram,2022-04-07,41,NA
truth_social,2022-04-07,72,NA
gettr,2022-04-07,239,NA
parler,2022-04-07,34,NA
gab,2022-04-07,238,NA
telegram,2022-04-08,62,NA
truth_social,2022-04-08,117,NA
gettr,2022-04-08,344,NA
parler,2022-04-08,29,NA
gab,2022-04-08,203,NA
telegram,2022-04-09,26,NA
truth_social,2022-04-09,130,NA
gettr,2022-04-09,206,NA
parler,2022-04-09,33,NA
gab,2022-04-09,184,NA
telegram,2022-04-10,66,NA
truth_social,2022-04-10,76,NA
gettr,2022-04-10,274,NA
parler,2022-04-10,27,NA
gab,2022-04-10,182,NA
telegram,2022-04-11,68,NA
truth_social,2022-04-11,189,NA
gettr,2022-04-11,188,NA
parler,2022-04-11,25,NA
gab,2022-04-11,142,NA
telegram,2022-04-12,39,NA
truth_social,2022-04-12,40,NA
gettr,2022-04-12,201,NA
parler,2022-04-12,18,NA
gab,2022-04-12,135,NA
telegram,2022-04-13,49,NA
truth_social,2022-04-13,117,NA
gettr,2022-04-13,205,NA
parler,2022-04-13,23,NA
gab,2022-04-13,127,NA
telegram,2022-04-14,16,NA
truth_social,2022-04-14,60,NA
gettr,2022-04-14,135,NA
parler,2022-04-14,34,NA
gab,2022-04-14,80,NA
telegram,2022-04-15,12,NA
truth_social,2022-04-15,41,NA
gettr,2022-04-15,75,NA
parler,2022-04-15,26,NA
gab,2022-04-15,70,NA
telegram,2022-04-16,5,NA
truth_social,2022-04-16,34,NA
gettr,2022-04-16,56,NA
parler,2022-04-16,21,NA
gab,2022-04-16,59,NA
telegram,2022-04-17,6,NA
truth_social,2022-04-17,53,NA
gettr,2022-04-17,65,NA
parler,2022-04-17,16,NA
gab,2022-04-17,41,NA
telegram,2022-04-18,13,NA
truth_social,2022-04-18,24,NA
gettr,2022-04-18,65,NA
parler,2022-04-18,22,NA
gab,2022-04-18,74,NA
telegram,2022-04-19,14,NA
truth_social,2022-04-19,26,NA
gettr,2022-04-19,62,NA
parler,2022-04-19,13,NA
gab,2022-04-19,67,NA
telegram,2022-04-20,24,NA
truth_social,2022-04-20,28,NA
gettr,2022-04-20,69,NA
parler,2022-04-20,25,NA
gab,2022-04-20,72,NA
telegram,2022-04-21,28,NA
truth_social,2022-04-21,57,NA
gettr,2022-04-21,79,NA
parler,2022-04-21,11,NA
gab,2022-04-21,96,NA
telegram,2022-04-22,20,NA
truth_social,2022-04-22,24,NA
gettr,2022-04-22,65,NA
parler,2022-04-22,46,NA
gab,2022-04-22,63,NA
telegram,2022-04-23,15,NA
truth_social,2022-04-23,32,NA
gettr,2022-04-23,68,NA
parler,2022-04-23,24,NA
gab,2022-04-23,52,NA
telegram,2022-04-24,17,NA
truth_social,2022-04-24,215,NA
gettr,2022-04-24,95,NA
parler,2022-04-24,39,NA
gab,2022-04-24,58,NA
telegram,2022-04-25,33,NA
truth_social,2022-04-25,234,NA
gettr,2022-04-25,113,NA
parler,2022-04-25,28,NA
gab,2022-04-25,105,NA
telegram,2022-04-26,25,NA
truth_social,2022-04-26,143,NA
gettr,2022-04-26,138,NA
parler,2022-04-26,39,NA
gab,2022-04-26,132,NA
telegram,2022-04-27,21,NA
truth_social,2022-04-27,98,NA
gettr,2022-04-27,98,NA
parler,2022-04-27,28,NA
gab,2022-04-27,79,NA
telegram,2022-04-28,10,NA
truth_social,2022-04-28,115,NA
gettr,2022-04-28,61,NA
parler,2022-04-28,28,NA
gab,2022-04-28,105,NA
telegram,2022-04-29,13,NA
truth_social,2022-04-29,63,NA
gettr,2022-04-29,53,NA
parler,2022-04-29,57,NA
gab,2022-04-29,43,NA
telegram,2022-04-30,7,NA
truth_social,2022-04-30,53,NA
gettr,2022-04-30,62,NA
parler,2022-04-30,22,NA
gab,2022-04-30,31,NA
telegram,2022-05-01,9,NA
truth_social,2022-05-01,61,NA
gettr,2022-05-01,61,NA
parler,2022-05-01,39,NA
gab,2022-05-01,40,NA
telegram,2022-05-02,10,NA
truth_social,2022-05-02,114,NA
gettr,2022-05-02,47,NA
parler,2022-05-02,28,NA
gab,2022-05-02,36,NA
telegram,2022-05-03,23,NA
truth_social,2022-05-03,121,NA
gettr,2022-05-03,162,NA
parler,2022-05-03,17,NA
gab,2022-05-03,100,NA
telegram,2022-05-04,27,NA
truth_social,2022-05-04,190,NA
gettr,2022-05-04,103,NA
parler,2022-05-04,17,NA
gab,2022-05-04,92,NA
telegram,2022-05-05,10,NA
truth_social,2022-05-05,110,NA
gettr,2022-05-05,88,NA
parler,2022-05-05,26,NA
gab,2022-05-05,50,NA
telegram,2022-05-06,21,NA
truth_social,2022-05-06,139,NA
gettr,2022-05-06,95,NA
parler,2022-05-06,23,NA
gab,2022-05-06,118,NA
telegram,2022-05-07,13,NA
truth_social,2022-05-07,85,NA
gettr,2022-05-07,76,NA
parler,2022-05-07,13,NA
gab,2022-05-07,58,NA
telegram,2022-05-08,28,NA
truth_social,2022-05-08,56,NA
gettr,2022-05-08,123,NA
parler,2022-05-08,19,NA
gab,2022-05-08,47,NA
telegram,2022-05-09,22,NA
truth_social,2022-05-09,184,NA
gettr,2022-05-09,199,NA
parler,2022-05-09,12,NA
gab,2022-05-09,164,NA
telegram,2022-05-10,18,NA
truth_social,2022-05-10,194,NA
gettr,2022-05-10,106,NA
parler,2022-05-10,10,NA
gab,2022-05-10,108,NA
telegram,2022-05-11,21,NA
truth_social,2022-05-11,515,NA
gettr,2022-05-11,132,NA
parler,2022-05-11,17,NA
gab,2022-05-11,92,NA
telegram,2022-05-12,21,NA
truth_social,2022-05-12,92,NA
gettr,2022-05-12,89,NA
parler,2022-05-12,14,NA
gab,2022-05-12,76,NA
telegram,2022-05-13,16,NA
truth_social,2022-05-13,83,NA
gettr,2022-05-13,71,NA
parler,2022-05-13,17,NA
gab,2022-05-13,66,NA
telegram,2022-05-14,16,NA
truth_social,2022-05-14,113,NA
gettr,2022-05-14,55,NA
parler,2022-05-14,19,NA
gab,2022-05-14,61,NA
telegram,2022-05-15,25,NA
truth_social,2022-05-15,201,NA
gettr,2022-05-15,189,NA
parler,2022-05-15,21,NA
gab,2022-05-15,144,NA
telegram,2022-05-16,28,NA
truth_social,2022-05-16,95,NA
gettr,2022-05-16,81,NA
parler,2022-05-16,25,NA
gab,2022-05-16,99,NA
telegram,2022-05-17,38,NA
truth_social,2022-05-17,115,NA
gettr,2022-05-17,118,NA
parler,2022-05-17,13,NA
gab,2022-05-17,99,NA
telegram,2022-05-18,35,NA
truth_social,2022-05-18,252,NA
gettr,2022-05-18,115,NA
parler,2022-05-18,21,NA
gab,2022-05-18,102,NA
telegram,2022-05-19,22,NA
truth_social,2022-05-19,177,NA
gettr,2022-05-19,84,NA
parler,2022-05-19,17,NA
gab,2022-05-19,43,NA
telegram,2022-05-20,48,NA
truth_social,2022-05-20,195,NA
gettr,2022-05-20,93,NA
parler,2022-05-20,17,NA
gab,2022-05-20,80,NA
telegram,2022-05-21,25,NA
truth_social,2022-05-21,218,NA
gettr,2022-05-21,124,NA
parler,2022-05-21,22,NA
gab,2022-05-21,100,NA
telegram,2022-05-22,28,NA
truth_social,2022-05-22,213,NA
gettr,2022-05-22,106,NA
parler,2022-05-22,17,NA
gab,2022-05-22,102,NA
telegram,2022-05-23,36,NA
truth_social,2022-05-23,367,NA
gettr,2022-05-23,116,NA
parler,2022-05-23,18,NA
gab,2022-05-23,71,NA
telegram,2022-05-24,19,NA
truth_social,2022-05-24,270,NA
gettr,2022-05-24,101,NA
parler,2022-05-24,21,NA
gab,2022-05-24,78,NA
telegram,2022-05-25,14,NA
truth_social,2022-05-25,167,NA
gettr,2022-05-25,97,NA
parler,2022-05-25,30,NA
gab,2022-05-25,64,NA
telegram,2022-05-26,22,NA
truth_social,2022-05-26,302,NA
gettr,2022-05-26,143,NA
parler,2022-05-26,23,NA
gab,2022-05-26,196,NA
telegram,2022-05-27,16,NA
truth_social,2022-05-27,297,NA
gettr,2022-05-27,55,NA
parler,2022-05-27,17,NA
gab,2022-05-27,55,NA
telegram,2022-05-28,9,NA
truth_social,2022-05-28,71,NA
gettr,2022-05-28,31,NA
parler,2022-05-28,9,NA
gab,2022-05-28,40,NA
telegram,2022-05-29,10,NA
truth_social,2022-05-29,136,NA
gettr,2022-05-29,52,NA
parler,2022-05-29,10,NA
gab,2022-05-29,53,NA
telegram,2022-05-30,3,NA
truth_social,2022-05-30,141,NA
gettr,2022-05-30,70,NA
parler,2022-05-30,8,NA
gab,2022-05-30,57,NA
telegram,2022-05-31,19,NA
truth_social,2022-05-31,99,NA
gettr,2022-05-31,68,NA
parler,2022-05-31,34,NA
gab,2022-05-31,41,NA
telegram,2022-06-01,8,NA
truth_social,2022-06-01,94,NA
gettr,2022-06-01,74,NA
parler,2022-06-01,24,NA
gab,2022-06-01,65,NA
telegram,2022-06-02,20,NA
truth_social,2022-06-02,91,NA
gettr,2022-06-02,93,NA
parler,2022-06-02,36,NA
gab,2022-06-02,93,NA
telegram,2022-06-03,16,NA
truth_social,2022-06-03,245,NA
gettr,2022-06-03,109,NA
parler,2022-06-03,13,NA
gab,2022-06-03,104,NA
telegram,2022-06-04,9,NA
truth_social,2022-06-04,177,NA
gettr,2022-06-04,114,NA
parler,2022-06-04,14,NA
gab,2022-06-04,86,NA
telegram,2022-06-05,13,NA
truth_social,2022-06-05,89,NA
gettr,2022-06-05,81,NA
parler,2022-06-05,13,NA
gab,2022-06-05,76,NA
telegram,2022-06-06,16,NA
truth_social,2022-06-06,76,NA
gettr,2022-06-06,65,NA
parler,2022-06-06,19,NA
gab,2022-06-06,49,NA
telegram,2022-06-07,12,NA
truth_social,2022-06-07,180,NA
gettr,2022-06-07,175,NA
parler,2022-06-07,18,NA
gab,2022-06-07,109,NA
telegram,2022-06-08,18,NA
truth_social,2022-06-08,103,NA
gettr,2022-06-08,120,NA
parler,2022-06-08,13,NA
gab,2022-06-08,96,NA
telegram,2022-06-09,14,NA
truth_social,2022-06-09,83,NA
gettr,2022-06-09,87,NA
parler,2022-06-09,8,NA
gab,2022-06-09,60,NA
telegram,2022-06-10,14,NA
truth_social,2022-06-10,98,NA
gettr,2022-06-10,128,NA
parler,2022-06-10,17,NA
gab,2022-06-10,131,NA
telegram,2022-06-11,18,NA
truth_social,2022-06-11,77,NA
gettr,2022-06-11,83,NA
parler,2022-06-11,22,NA
gab,2022-06-11,73,NA
telegram,2022-06-12,18,NA
truth_social,2022-06-12,74,NA
gettr,2022-06-12,78,NA
parler,2022-06-12,10,NA
gab,2022-06-12,43,NA
telegram,2022-06-13,16,NA
truth_social,2022-06-13,72,NA
gettr,2022-06-13,82,NA
parler,2022-06-13,14,NA
gab,2022-06-13,48,NA
telegram,2022-06-14,27,NA
truth_social,2022-06-14,69,NA
gettr,2022-06-14,68,NA
parler,2022-06-14,14,NA
gab,2022-06-14,52,NA
telegram,2022-06-15,7,NA
truth_social,2022-06-15,36,NA
gettr,2022-06-15,75,NA
parler,2022-06-15,14,NA
gab,2022-06-15,46,NA
telegram,2022-06-16,25,NA
truth_social,2022-06-16,53,NA
gettr,2022-06-16,49,NA
parler,2022-06-16,11,NA
gab,2022-06-16,42,NA
telegram,2022-06-17,32,NA
truth_social,2022-06-17,90,NA
gettr,2022-06-17,107,NA
parler,2022-06-17,15,NA
gab,2022-06-17,106,NA
telegram,2022-06-18,21,NA
truth_social,2022-06-18,62,NA
gettr,2022-06-18,93,NA
parler,2022-06-18,10,NA
gab,2022-06-18,79,NA
telegram,2022-06-19,27,NA
truth_social,2022-06-19,32,NA
gettr,2022-06-19,112,NA
parler,2022-06-19,20,NA
gab,2022-06-19,43,NA
telegram,2022-06-20,39,NA
truth_social,2022-06-20,60,NA
gettr,2022-06-20,182,NA
parler,2022-06-20,26,NA
gab,2022-06-20,134,NA
telegram,2022-06-21,63,NA
truth_social,2022-06-21,213,NA
gettr,2022-06-21,218,NA
parler,2022-06-21,26,NA
gab,2022-06-21,136,NA
telegram,2022-06-22,12,NA
truth_social,2022-06-22,127,NA
gettr,2022-06-22,98,NA
parler,2022-06-22,26,NA
gab,2022-06-22,72,NA
telegram,2022-06-23,22,NA
truth_social,2022-06-23,136,NA
gettr,2022-06-23,139,NA
parler,2022-06-23,14,NA
gab,2022-06-23,135,NA
telegram,2022-06-24,31,NA
truth_social,2022-06-24,114,NA
gettr,2022-06-24,165,NA
parler,2022-06-24,35,NA
gab,2022-06-24,173,NA
telegram,2022-06-25,10,NA
truth_social,2022-06-25,58,NA
gettr,2022-06-25,94,NA
parler,2022-06-25,16,NA
gab,2022-06-25,100,NA
telegram,2022-06-26,13,NA
truth_social,2022-06-26,28,NA
gettr,2022-06-26,67,NA
parler,2022-06-26,15,NA
gab,2022-06-26,59,NA
telegram,2022-06-27,10,NA
truth_social,2022-06-27,53,NA
gettr,2022-06-27,86,NA
parler,2022-06-27,10,NA
gab,2022-06-27,103,NA
telegram,2022-06-28,18,NA
truth_social,2022-06-28,52,NA
gettr,2022-06-28,99,NA
parler,2022-06-28,13,NA
gab,2022-06-28,63,NA
telegram,2022-06-29,28,NA
truth_social,2022-06-29,72,NA
gettr,2022-06-29,129,NA
parler,2022-06-29,34,NA
gab,2022-06-29,108,NA
telegram,2022-06-30,32,NA
truth_social,2022-06-30,84,NA
gettr,2022-06-30,149,NA
parler,2022-06-30,39,NA
gab,2022-06-30,93,NA
telegram,2022-07-01,27,NA
truth_social,2022-07-01,75,NA
gettr,2022-07-01,286,NA
parler,2022-07-01,22,NA
gab,2022-07-01,194,NA
telegram,2022-07-02,15,NA
truth_social,2022-07-02,48,NA
gettr,2022-07-02,99,NA
parler,2022-07-02,18,NA
gab,2022-07-02,74,NA
telegram,2022-07-03,5,NA
truth_social,2022-07-03,31,NA
gettr,2022-07-03,83,NA
parler,2022-07-03,12,NA
gab,2022-07-03,59,NA
telegram,2022-07-04,18,NA
truth_social,2022-07-04,16,NA
gettr,2022-07-04,56,NA
parler,2022-07-04,15,NA
gab,2022-07-04,36,NA
telegram,2022-07-05,11,NA
truth_social,2022-07-05,64,NA
gettr,2022-07-05,116,NA
parler,2022-07-05,17,NA
gab,2022-07-05,127,NA
telegram,2022-07-06,36,NA
truth_social,2022-07-06,121,NA
gettr,2022-07-06,164,NA
parler,2022-07-06,36,NA
gab,2022-07-06,181,NA
telegram,2022-07-07,35,NA
truth_social,2022-07-07,91,NA
gettr,2022-07-07,123,NA
parler,2022-07-07,13,NA
gab,2022-07-07,122,NA
telegram,2022-07-08,18,NA
truth_social,2022-07-08,57,NA
gettr,2022-07-08,75,NA
parler,2022-07-08,9,NA
gab,2022-07-08,47,NA
telegram,2022-07-09,10,NA
truth_social,2022-07-09,125,NA
gettr,2022-07-09,57,NA
parler,2022-07-09,7,NA
gab,2022-07-09,43,NA
telegram,2022-07-10,17,NA
truth_social,2022-07-10,49,NA
gettr,2022-07-10,44,NA
parler,2022-07-10,7,NA
gab,2022-07-10,31,NA
telegram,2022-07-11,26,NA
truth_social,2022-07-11,88,NA
gettr,2022-07-11,70,NA
parler,2022-07-11,15,NA
gab,2022-07-11,60,NA
telegram,2022-07-12,48,NA
truth_social,2022-07-12,90,NA
gettr,2022-07-12,106,NA
parler,2022-07-12,15,NA
gab,2022-07-12,58,NA
telegram,2022-07-13,30,NA
truth_social,2022-07-13,68,NA
gettr,2022-07-13,75,NA
parler,2022-07-13,15,NA
gab,2022-07-13,97,NA
telegram,2022-07-14,102,NA
truth_social,2022-07-14,1751,NA
gettr,2022-07-14,224,NA
parler,2022-07-14,24,NA
gab,2022-07-14,109,NA
telegram,2022-07-15,48,NA
truth_social,2022-07-15,702,NA
gettr,2022-07-15,169,NA
parler,2022-07-15,13,NA
gab,2022-07-15,132,NA
telegram,2022-07-16,19,NA
truth_social,2022-07-16,179,NA
gettr,2022-07-16,64,NA
parler,2022-07-16,8,NA
gab,2022-07-16,61,NA
telegram,2022-07-17,16,NA
truth_social,2022-07-17,125,NA
gettr,2022-07-17,68,NA
parler,2022-07-17,10,NA
gab,2022-07-17,49,NA
telegram,2022-07-18,18,NA
truth_social,2022-07-18,69,NA
gettr,2022-07-18,69,NA
parler,2022-07-18,7,NA
gab,2022-07-18,62,NA
telegram,2022-07-19,27,NA
truth_social,2022-07-19,79,NA
gettr,2022-07-19,149,NA
parler,2022-07-19,16,NA
gab,2022-07-19,126,NA
telegram,2022-07-20,40,NA
truth_social,2022-07-20,291,NA
gettr,2022-07-20,134,NA
parler,2022-07-20,31,NA
gab,2022-07-20,103,NA
telegram,2022-07-21,36,NA
truth_social,2022-07-21,123,NA
gettr,2022-07-21,233,NA
parler,2022-07-21,33,NA
gab,2022-07-21,207,NA
telegram,2022-07-22,38,NA
truth_social,2022-07-22,126,NA
gettr,2022-07-22,256,NA
parler,2022-07-22,34,NA
gab,2022-07-22,103,NA
telegram,2022-07-23,14,NA
truth_social,2022-07-23,71,NA
gettr,2022-07-23,148,NA
parler,2022-07-23,17,NA
gab,2022-07-23,101,NA
telegram,2022-07-24,13,NA
truth_social,2022-07-24,82,NA
gettr,2022-07-24,130,NA
parler,2022-07-24,31,NA
gab,2022-07-24,54,NA
telegram,2022-07-25,27,NA
truth_social,2022-07-25,50,NA
gettr,2022-07-25,130,NA
parler,2022-07-25,17,NA
gab,2022-07-25,99,NA
telegram,2022-07-26,35,NA
truth_social,2022-07-26,194,NA
gettr,2022-07-26,201,NA
parler,2022-07-26,17,NA
gab,2022-07-26,143,NA
telegram,2022-07-27,22,NA
truth_social,2022-07-27,109,NA
gettr,2022-07-27,152,NA
parler,2022-07-27,23,NA
gab,2022-07-27,121,NA
telegram,2022-07-28,21,NA
truth_social,2022-07-28,92,NA
gettr,2022-07-28,111,NA
parler,2022-07-28,22,NA
gab,2022-07-28,112,NA
telegram,2022-07-29,42,NA
truth_social,2022-07-29,59,NA
gettr,2022-07-29,174,NA
parler,2022-07-29,24,NA
gab,2022-07-29,85,NA
telegram,2022-07-30,10,NA
truth_social,2022-07-30,87,NA
gettr,2022-07-30,90,NA
parler,2022-07-30,30,NA
gab,2022-07-30,65,NA
telegram,2022-07-31,19,NA
truth_social,2022-07-31,85,NA
gettr,2022-07-31,109,NA
parler,2022-07-31,13,NA
gab,2022-07-31,53,NA
telegram,2022-08-01,27,NA
truth_social,2022-08-01,752,NA
gettr,2022-08-01,245,NA
parler,2022-08-01,16,NA
gab,2022-08-01,113,NA
telegram,2022-08-02,60,NA
truth_social,2022-08-02,761,NA
gettr,2022-08-02,321,NA
parler,2022-08-02,22,NA
gab,2022-08-02,185,NA
telegram,2022-08-03,61,NA
truth_social,2022-08-03,423,NA
gettr,2022-08-03,299,NA
parler,2022-08-03,24,NA
gab,2022-08-03,130,NA
telegram,2022-08-04,27,NA
truth_social,2022-08-04,71,NA
gettr,2022-08-04,105,NA
parler,2022-08-04,14,NA
gab,2022-08-04,60,NA
telegram,2022-08-05,16,NA
truth_social,2022-08-05,77,NA
gettr,2022-08-05,100,NA
parler,2022-08-05,18,NA
gab,2022-08-05,83,NA
telegram,2022-08-06,25,NA
truth_social,2022-08-06,58,NA
gettr,2022-08-06,67,NA
parler,2022-08-06,25,NA
gab,2022-08-06,68,NA
telegram,2022-08-07,17,NA
truth_social,2022-08-07,18,NA
gettr,2022-08-07,65,NA
parler,2022-08-07,8,NA
gab,2022-08-07,78,NA
telegram,2022-08-08,18,NA
truth_social,2022-08-08,159,NA
gettr,2022-08-08,206,NA
parler,2022-08-08,21,NA
gab,2022-08-08,126,NA
telegram,2022-08-09,101,NA
truth_social,2022-08-09,475,NA
gettr,2022-08-09,435,NA
parler,2022-08-09,29,NA
gab,2022-08-09,277,NA
telegram,2022-08-10,121,NA
truth_social,2022-08-10,627,NA
gettr,2022-08-10,558,NA
parler,2022-08-10,34,NA
gab,2022-08-10,298,NA
telegram,2022-08-11,72,NA
truth_social,2022-08-11,786,NA
gettr,2022-08-11,623,NA
parler,2022-08-11,31,NA
gab,2022-08-11,381,NA
telegram,2022-08-12,39,NA
truth_social,2022-08-12,428,NA
gettr,2022-08-12,203,NA
parler,2022-08-12,42,NA
gab,2022-08-12,158,NA
telegram,2022-08-13,30,NA
truth_social,2022-08-13,205,NA
gettr,2022-08-13,106,NA
parler,2022-08-13,22,NA
gab,2022-08-13,70,NA
telegram,2022-08-14,15,NA
truth_social,2022-08-14,179,NA
gettr,2022-08-14,81,NA
parler,2022-08-14,17,NA
gab,2022-08-14,51,NA
telegram,2022-08-15,10,NA
truth_social,2022-08-15,130,NA
gettr,2022-08-15,99,NA
parler,2022-08-15,17,NA
gab,2022-08-15,106,NA
telegram,2022-08-16,91,NA
truth_social,2022-08-16,280,NA
gettr,2022-08-16,257,NA
parler,2022-08-16,34,NA
gab,2022-08-16,280,NA
telegram,2022-08-17,43,NA
truth_social,2022-08-17,243,NA
gettr,2022-08-17,218,NA
parler,2022-08-17,37,NA
gab,2022-08-17,240,NA
telegram,2022-08-18,30,NA
truth_social,2022-08-18,168,NA
gettr,2022-08-18,156,NA
parler,2022-08-18,28,NA
gab,2022-08-18,134,NA
telegram,2022-08-19,22,NA
truth_social,2022-08-19,145,NA
gettr,2022-08-19,147,NA
parler,2022-08-19,58,NA
gab,2022-08-19,142,NA
telegram,2022-08-20,16,NA
truth_social,2022-08-20,94,NA
gettr,2022-08-20,89,NA
parler,2022-08-20,15,NA
gab,2022-08-20,79,NA
telegram,2022-08-21,15,NA
truth_social,2022-08-21,100,NA
gettr,2022-08-21,86,NA
parler,2022-08-21,14,NA
gab,2022-08-21,81,NA
telegram,2022-08-22,16,NA
truth_social,2022-08-22,92,NA
gettr,2022-08-22,117,NA
parler,2022-08-22,25,NA
gab,2022-08-22,119,NA
telegram,2022-08-23,31,NA
truth_social,2022-08-23,91,NA
gettr,2022-08-23,139,NA
parler,2022-08-23,18,NA
gab,2022-08-23,94,NA
telegram,2022-08-24,17,NA
truth_social,2022-08-24,81,NA
gettr,2022-08-24,93,NA
parler,2022-08-24,9,NA
gab,2022-08-24,86,NA
telegram,2022-08-25,23,NA
truth_social,2022-08-25,55,NA
gettr,2022-08-25,60,NA
parler,2022-08-25,13,NA
gab,2022-08-25,47,NA
telegram,2022-08-26,46,NA
truth_social,2022-08-26,108,NA
gettr,2022-08-26,84,NA
parler,2022-08-26,8,NA
gab,2022-08-26,78,NA
telegram,2022-08-27,13,NA
truth_social,2022-08-27,96,NA
gettr,2022-08-27,54,NA
parler,2022-08-27,7,NA
gab,2022-08-27,29,NA
telegram,2022-08-28,12,NA
truth_social,2022-08-28,69,NA
gettr,2022-08-28,38,NA
parler,2022-08-28,14,NA
gab,2022-08-28,34,NA
telegram,2022-08-29,14,NA
truth_social,2022-08-29,48,NA
gettr,2022-08-29,46,NA
parler,2022-08-29,4,NA
gab,2022-08-29,31,NA
telegram,2022-08-30,16,NA
truth_social,2022-08-30,82,NA
gettr,2022-08-30,55,NA
parler,2022-08-30,3,NA
gab,2022-08-30,45,NA
telegram,2022-08-31,9,NA
truth_social,2022-08-31,122,NA
gettr,2022-08-31,77,NA
parler,2022-08-31,7,NA
gab,2022-08-31,65,NA
telegram,2022-09-01,17,NA
truth_social,2022-09-01,64,NA
gettr,2022-09-01,91,NA
parler,2022-09-01,5,NA
gab,2022-09-01,44,NA
telegram,2022-09-02,22,NA
truth_social,2022-09-02,108,NA
gettr,2022-09-02,77,NA
parler,2022-09-02,6,NA
gab,2022-09-02,43,NA
telegram,2022-09-03,7,NA
truth_social,2022-09-03,79,NA
gettr,2022-09-03,33,NA
parler,2022-09-03,11,NA
gab,2022-09-03,42,NA
telegram,2022-09-04,14,NA
truth_social,2022-09-04,67,NA
gettr,2022-09-04,66,NA
parler,2022-09-04,9,NA
gab,2022-09-04,24,NA
telegram,2022-09-05,12,NA
truth_social,2022-09-05,59,NA
gettr,2022-09-05,79,NA
parler,2022-09-05,6,NA
gab,2022-09-05,37,NA
telegram,2022-09-06,17,NA
truth_social,2022-09-06,88,NA
gettr,2022-09-06,106,NA
parler,2022-09-06,5,NA
gab,2022-09-06,47,NA
telegram,2022-09-07,27,NA
truth_social,2022-09-07,136,NA
gettr,2022-09-07,127,NA
parler,2022-09-07,12,NA
gab,2022-09-07,33,NA
telegram,2022-09-08,24,NA
truth_social,2022-09-08,89,NA
gettr,2022-09-08,147,NA
parler,2022-09-08,9,NA
gab,2022-09-08,63,NA
telegram,2022-09-09,16,NA
truth_social,2022-09-09,78,NA
gettr,2022-09-09,92,NA
parler,2022-09-09,13,NA
gab,2022-09-09,52,NA
telegram,2022-09-10,12,NA
truth_social,2022-09-10,49,NA
gettr,2022-09-10,52,NA
parler,2022-09-10,7,NA
gab,2022-09-10,27,NA
telegram,2022-09-11,21,NA
truth_social,2022-09-11,23,NA
gettr,2022-09-11,59,NA
parler,2022-09-11,12,NA
gab,2022-09-11,27,NA
telegram,2022-09-12,28,NA
truth_social,2022-09-12,89,NA
gettr,2022-09-12,68,NA
parler,2022-09-12,3,NA
gab,2022-09-12,27,NA
telegram,2022-09-13,20,NA
truth_social,2022-09-13,39,NA
gettr,2022-09-13,45,NA
parler,2022-09-13,2,NA
gab,2022-09-13,49,NA
telegram,2022-09-14,12,NA
truth_social,2022-09-14,73,NA
gettr,2022-09-14,58,NA
parler,2022-09-14,5,NA
gab,2022-09-14,38,NA
telegram,2022-09-15,19,NA
truth_social,2022-09-15,87,NA
gettr,2022-09-15,97,NA
parler,2022-09-15,8,NA
gab,2022-09-15,32,NA
telegram,2022-09-16,22,NA
truth_social,2022-09-16,106,NA
gettr,2022-09-16,74,NA
parler,2022-09-16,8,NA
gab,2022-09-16,105,NA
telegram,2022-09-17,16,NA
truth_social,2022-09-17,90,NA
gettr,2022-09-17,40,NA
parler,2022-09-17,4,NA
gab,2022-09-17,28,NA
telegram,2022-09-18,16,NA
truth_social,2022-09-18,58,NA
gettr,2022-09-18,38,NA
parler,2022-09-18,5,NA
gab,2022-09-18,21,NA
telegram,2022-09-19,10,NA
truth_social,2022-09-19,61,NA
gettr,2022-09-19,78,NA
parler,2022-09-19,8,NA
gab,2022-09-19,27,NA
telegram,2022-09-20,18,NA
truth_social,2022-09-20,64,NA
gettr,2022-09-20,55,NA
parler,2022-09-20,12,NA
gab,2022-09-20,24,NA
telegram,2022-09-21,41,NA
truth_social,2022-09-21,180,NA
gettr,2022-09-21,65,NA
parler,2022-09-21,10,NA
gab,2022-09-21,30,NA
telegram,2022-09-22,27,NA
truth_social,2022-09-22,133,NA
gettr,2022-09-22,118,NA
parler,2022-09-22,6,NA
gab,2022-09-22,81,NA
telegram,2022-09-23,27,NA
truth_social,2022-09-23,75,NA
gettr,2022-09-23,56,NA
parler,2022-09-23,0,NA
gab,2022-09-23,53,NA
telegram,2022-09-24,11,NA
truth_social,2022-09-24,38,NA
gettr,2022-09-24,43,NA
parler,2022-09-24,1,NA
gab,2022-09-24,28,NA
telegram,2022-09-25,9,NA
truth_social,2022-09-25,54,NA
gettr,2022-09-25,66,NA
parler,2022-09-25,2,NA
gab,2022-09-25,29,NA
telegram,2022-09-26,15,NA
truth_social,2022-09-26,34,NA
gettr,2022-09-26,36,NA
parler,2022-09-26,1,NA
gab,2022-09-26,34,NA
telegram,2022-09-27,8,NA
truth_social,2022-09-27,62,NA
gettr,2022-09-27,63,NA
parler,2022-09-27,3,NA
gab,2022-09-27,42,NA
telegram,2022-09-28,19,NA
truth_social,2022-09-28,65,NA
gettr,2022-09-28,87,NA
parler,2022-09-28,3,NA
gab,2022-09-28,40,NA
telegram,2022-09-29,17,NA
truth_social,2022-09-29,57,NA
gettr,2022-09-29,42,NA
parler,2022-09-29,8,NA
gab,2022-09-29,34,NA
telegram,2022-09-30,10,NA
truth_social,2022-09-30,89,NA
gettr,2022-09-30,69,NA
parler,2022-09-30,10,NA
gab,2022-09-30,52,NA
telegram,2022-10-01,24,NA
truth_social,2022-10-01,92,NA
gettr,2022-10-01,58,NA
parler,2022-10-01,3,NA
gab,2022-10-01,52,NA
telegram,2022-10-02,11,NA
truth_social,2022-10-02,31,NA
gettr,2022-10-02,27,NA
parler,2022-10-02,1,NA
gab,2022-10-02,76,NA
telegram,2022-10-03,11,NA
truth_social,2022-10-03,49,NA
gettr,2022-10-03,58,NA
parler,2022-10-03,1,NA
gab,2022-10-03,67,NA
telegram,2022-10-04,12,NA
truth_social,2022-10-04,86,NA
gettr,2022-10-04,59,NA
parler,2022-10-04,3,NA
gab,2022-10-04,76,NA
telegram,2022-10-05,21,NA
truth_social,2022-10-05,69,NA
gettr,2022-10-05,60,NA
parler,2022-10-05,8,NA
gab,2022-10-05,39,NA
telegram,2022-10-06,38,NA
truth_social,2022-10-06,87,NA
gettr,2022-10-06,57,NA
parler,2022-10-06,5,NA
gab,2022-10-06,119,NA
telegram,2022-10-07,35,NA
truth_social,2022-10-07,233,NA
gettr,2022-10-07,158,NA
parler,2022-10-07,10,NA
gab,2022-10-07,99,NA
telegram,2022-10-08,27,NA
truth_social,2022-10-08,95,NA
gettr,2022-10-08,97,NA
parler,2022-10-08,1,NA
gab,2022-10-08,72,NA
telegram,2022-10-09,21,NA
truth_social,2022-10-09,49,NA
gettr,2022-10-09,33,NA
parler,2022-10-09,2,NA
gab,2022-10-09,53,NA
telegram,2022-10-10,14,NA
truth_social,2022-10-10,47,NA
gettr,2022-10-10,32,NA
parler,2022-10-10,1,NA
gab,2022-10-10,50,NA
telegram,2022-10-11,20,NA
truth_social,2022-10-11,68,NA
gettr,2022-10-11,65,NA
parler,2022-10-11,4,NA
gab,2022-10-11,52,NA
telegram,2022-10-12,15,NA
truth_social,2022-10-12,53,NA
gettr,2022-10-12,69,NA
parler,2022-10-12,4,NA
gab,2022-10-12,55,NA
telegram,2022-10-13,14,NA
truth_social,2022-10-13,41,NA
gettr,2022-10-13,44,NA
parler,2022-10-13,4,NA
gab,2022-10-13,28,NA
telegram,2022-10-14,17,NA
truth_social,2022-10-14,54,NA
gettr,2022-10-14,24,NA
parler,2022-10-14,2,NA
gab,2022-10-14,52,NA
telegram,2022-10-15,14,NA
truth_social,2022-10-15,44,NA
gettr,2022-10-15,37,NA
parler,2022-10-15,4,NA
gab,2022-10-15,39,NA
telegram,2022-10-16,13,NA
truth_social,2022-10-16,72,NA
gettr,2022-10-16,57,NA
parler,2022-10-16,8,NA
gab,2022-10-16,56,NA
telegram,2022-10-17,15,NA
truth_social,2022-10-17,79,NA
gettr,2022-10-17,106,NA
parler,2022-10-17,13,NA
gab,2022-10-17,81,NA
telegram,2022-10-18,35,NA
truth_social,2022-10-18,164,NA
gettr,2022-10-18,89,NA
parler,2022-10-18,7,NA
gab,2022-10-18,49,NA
telegram,2022-10-19,46,NA
truth_social,2022-10-19,321,NA
gettr,2022-10-19,146,NA
parler,2022-10-19,20,NA
gab,2022-10-19,124,NA
telegram,2022-10-20,62,NA
truth_social,2022-10-20,199,NA
gettr,2022-10-20,123,NA
parler,2022-10-20,11,NA
gab,2022-10-20,142,NA
telegram,2022-10-21,33,NA
truth_social,2022-10-21,278,NA
gettr,2022-10-21,208,NA
parler,2022-10-21,32,NA
gab,2022-10-21,146,NA
telegram,2022-10-22,37,NA
truth_social,2022-10-22,173,NA
gettr,2022-10-22,95,NA
parler,2022-10-22,8,NA
gab,2022-10-22,86,NA
telegram,2022-10-23,18,NA
truth_social,2022-10-23,163,NA
gettr,2022-10-23,55,NA
parler,2022-10-23,6,NA
gab,2022-10-23,68,NA
telegram,2022-10-24,14,NA
truth_social,2022-10-24,176,NA
gettr,2022-10-24,53,NA
parler,2022-10-24,7,NA
gab,2022-10-24,84,NA
telegram,2022-10-25,40,NA
truth_social,2022-10-25,140,NA
gettr,2022-10-25,68,NA
parler,2022-10-25,17,NA
gab,2022-10-25,66,NA
telegram,2022-10-26,31,NA
truth_social,2022-10-26,78,NA
gettr,2022-10-26,72,NA
parler,2022-10-26,10,NA
gab,2022-10-26,98,NA
telegram,2022-10-27,34,NA
truth_social,2022-10-27,137,NA
gettr,2022-10-27,41,NA
parler,2022-10-27,9,NA
gab,2022-10-27,64,NA
telegram,2022-10-28,14,NA
truth_social,2022-10-28,56,NA
gettr,2022-10-28,37,NA
parler,2022-10-28,9,NA
gab,2022-10-28,146,NA
telegram,2022-10-29,17,NA
truth_social,2022-10-29,55,NA
gettr,2022-10-29,30,NA
parler,2022-10-29,4,NA
gab,2022-10-29,56,NA
telegram,2022-10-30,15,NA
truth_social,2022-10-30,124,NA
gettr,2022-10-30,57,NA
parler,2022-10-30,8,NA
gab,2022-10-30,75,NA
telegram,2022-10-31,13,NA
truth_social,2022-10-31,92,NA
gettr,2022-10-31,44,NA
parler,2022-10-31,6,NA
gab,2022-10-31,113,NA
telegram,2022-11-01,40,NA
truth_social,2022-11-01,126,NA
gettr,2022-11-01,37,NA
parler,2022-11-01,5,NA
gab,2022-11-01,104,NA
telegram,2022-11-02,13,NA
truth_social,2022-11-02,109,NA
gettr,2022-11-02,50,NA
parler,2022-11-02,1,NA
gab,2022-11-02,49,NA
telegram,2022-11-03,6,NA
truth_social,2022-11-03,141,NA
gettr,2022-11-03,29,NA
parler,2022-11-03,3,NA
gab,2022-11-03,45,NA
telegram,2022-11-04,13,NA
truth_social,2022-11-04,83,NA
gettr,2022-11-04,63,NA
parler,2022-11-04,5,NA
gab,2022-11-04,52,NA
telegram,2022-11-05,23,NA
truth_social,2022-11-05,102,NA
gettr,2022-11-05,56,NA
parler,2022-11-05,6,NA
gab,2022-11-05,68,NA
telegram,2022-11-06,17,NA
truth_social,2022-11-06,111,NA
gettr,2022-11-06,46,NA
parler,2022-11-06,1,NA
gab,2022-11-06,50,NA
telegram,2022-11-07,6,NA
truth_social,2022-11-07,71,NA
gettr,2022-11-07,31,NA
parler,2022-11-07,2,NA
gab,2022-11-07,51,NA
telegram,2022-11-08,29,NA
truth_social,2022-11-08,199,NA
gettr,2022-11-08,60,NA
parler,2022-11-08,9,NA
gab,2022-11-08,52,NA
telegram,2022-11-09,45,NA
truth_social,2022-11-09,290,NA
gettr,2022-11-09,72,NA
parler,2022-11-09,11,NA
gab,2022-11-09,87,NA
telegram,2022-11-10,23,NA
truth_social,2022-11-10,131,NA
gettr,2022-11-10,52,NA
parler,2022-11-10,5,NA
gab,2022-11-10,84,NA
telegram,2022-11-11,9,NA
truth_social,2022-11-11,125,NA
gettr,2022-11-11,57,NA
parler,2022-11-11,1,NA
gab,2022-11-11,68,NA
telegram,2022-11-12,7,NA
truth_social,2022-11-12,109,NA
gettr,2022-11-12,49,NA
parler,2022-11-12,1,NA
gab,2022-11-12,102,NA
telegram,2022-11-13,18,NA
truth_social,2022-11-13,125,NA
gettr,2022-11-13,37,NA
parler,2022-11-13,4,NA
gab,2022-11-13,45,NA
telegram,2022-11-14,12,NA
truth_social,2022-11-14,180,NA
gettr,2022-11-14,34,NA
parler,2022-11-14,2,NA
gab,2022-11-14,50,NA
telegram,2022-11-15,9,NA
truth_social,2022-11-15,127,NA
gettr,2022-11-15,37,NA
parler,2022-11-15,4,NA
gab,2022-11-15,33,NA
telegram,2022-11-16,13,NA
truth_social,2022-11-16,162,NA
gettr,2022-11-16,39,NA
parler,2022-11-16,3,NA
gab,2022-11-16,43,NA
telegram,2022-11-17,11,NA
truth_social,2022-11-17,218,NA
gettr,2022-11-17,52,NA
parler,2022-11-17,11,NA
gab,2022-11-17,60,NA
telegram,2022-11-18,16,NA
truth_social,2022-11-18,187,NA
gettr,2022-11-18,40,NA
parler,2022-11-18,5,NA
gab,2022-11-18,38,NA
telegram,2022-11-19,9,NA
truth_social,2022-11-19,507,NA
gettr,2022-11-19,46,NA
parler,2022-11-19,4,NA
gab,2022-11-19,36,NA
telegram,2022-11-20,17,NA
truth_social,2022-11-20,729,NA
gettr,2022-11-20,77,NA
parler,2022-11-20,16,NA
gab,2022-11-20,85,NA
telegram,2022-11-21,36,NA
truth_social,2022-11-21,1168,NA
gettr,2022-11-21,123,NA
parler,2022-11-21,16,NA
gab,2022-11-21,109,NA
telegram,2022-11-22,18,NA
truth_social,2022-11-22,1189,NA
gettr,2022-11-22,68,NA
parler,2022-11-22,16,NA
gab,2022-11-22,79,NA
telegram,2022-11-23,14,NA
truth_social,2022-11-23,630,NA
gettr,2022-11-23,46,NA
parler,2022-11-23,0,NA
gab,2022-11-23,64,NA
telegram,2022-11-24,20,NA
truth_social,2022-11-24,342,NA
gettr,2022-11-24,44,NA
parler,2022-11-24,4,NA
gab,2022-11-24,218,NA
telegram,2022-11-25,11,NA
truth_social,2022-11-25,1098,NA
gettr,2022-11-25,53,NA
parler,2022-11-25,8,NA
gab,2022-11-25,134,NA
telegram,2022-11-26,17,NA
truth_social,2022-11-26,233,NA
gettr,2022-11-26,34,NA
parler,2022-11-26,2,NA
gab,2022-11-26,70,NA
telegram,2022-11-27,25,NA
truth_social,2022-11-27,226,NA
gettr,2022-11-27,40,NA
parler,2022-11-27,2,NA
gab,2022-11-27,58,NA
telegram,2022-11-28,7,NA
truth_social,2022-11-28,620,NA
gettr,2022-11-28,61,NA
parler,2022-11-28,7,NA
gab,2022-11-28,81,NA
telegram,2022-11-29,24,NA
truth_social,2022-11-29,420,NA
gettr,2022-11-29,41,NA
parler,2022-11-29,9,NA
gab,2022-11-29,52,NA
telegram,2022-11-30,38,NA
truth_social,2022-11-30,282,NA
gettr,2022-11-30,142,NA
parler,2022-11-30,27,NA
gab,2022-11-30,143,NA
telegram,2022-12-01,19,NA
truth_social,2022-12-01,160,NA
gettr,2022-12-01,42,NA
parler,2022-12-01,6,NA
gab,2022-12-01,69,NA
telegram,2022-12-02,22,NA
truth_social,2022-12-02,265,NA
gettr,2022-12-02,76,NA
parler,2022-12-02,8,NA
gab,2022-12-02,49,NA
telegram,2022-12-03,17,NA
truth_social,2022-12-03,163,NA
gettr,2022-12-03,57,NA
parler,2022-12-03,3,NA
gab,2022-12-03,69,NA
telegram,2022-12-04,7,NA
truth_social,2022-12-04,275,NA
gettr,2022-12-04,49,NA
parler,2022-12-04,11,NA
gab,2022-12-04,65,NA
telegram,2022-12-05,23,NA
truth_social,2022-12-05,194,NA
gettr,2022-12-05,79,NA
parler,2022-12-05,8,NA
gab,2022-12-05,27,NA
telegram,2022-12-06,32,NA
truth_social,2022-12-06,328,NA
gettr,2022-12-06,135,NA
parler,2022-12-06,19,NA
gab,2022-12-06,41,NA
telegram,2022-12-07,15,NA
truth_social,2022-12-07,239,NA
gettr,2022-12-07,67,NA
parler,2022-12-07,7,NA
gab,2022-12-07,26,NA
telegram,2022-12-08,20,NA
truth_social,2022-12-08,198,NA
gettr,2022-12-08,72,NA
parler,2022-12-08,10,NA
gab,2022-12-08,30,NA
telegram,2022-12-09,4,NA
truth_social,2022-12-09,258,NA
gettr,2022-12-09,66,NA
parler,2022-12-09,8,NA
gab,2022-12-09,41,NA
telegram,2022-12-10,34,NA
truth_social,2022-12-10,246,NA
gettr,2022-12-10,129,NA
parler,2022-12-10,11,NA
gab,2022-12-10,45,NA
telegram,2022-12-11,22,NA
truth_social,2022-12-11,302,NA
gettr,2022-12-11,87,NA
parler,2022-12-11,10,NA
gab,2022-12-11,41,NA
telegram,2022-12-12,4,NA
truth_social,2022-12-12,146,NA
gettr,2022-12-12,46,NA
parler,2022-12-12,5,NA
gab,2022-12-12,32,NA
telegram,2022-12-13,7,NA
truth_social,2022-12-13,170,NA
gettr,2022-12-13,43,NA
parler,2022-12-13,11,NA
gab,2022-12-13,26,NA
telegram,2022-12-14,11,NA
truth_social,2022-12-14,186,NA
gettr,2022-12-14,34,NA
parler,2022-12-14,3,NA
gab,2022-12-14,18,NA
telegram,2022-12-15,1,NA
truth_social,2022-12-15,128,NA
gettr,2022-12-15,43,NA
parler,2022-12-15,7,NA
gab,2022-12-15,20,NA
telegram,2022-12-16,9,NA
truth_social,2022-12-16,952,NA
gettr,2022-12-16,34,NA
parler,2022-12-16,1,NA
gab,2022-12-16,15,NA
telegram,2022-12-17,7,NA
truth_social,2022-12-17,211,NA
gettr,2022-12-17,21,NA
parler,2022-12-17,4,NA
gab,2022-12-17,26,NA
telegram,2022-12-18,18,NA
truth_social,2022-12-18,131,NA
gettr,2022-12-18,26,NA
parler,2022-12-18,6,NA
gab,2022-12-18,23,NA
telegram,2022-12-19,14,NA
truth_social,2022-12-19,218,NA
gettr,2022-12-19,80,NA
parler,2022-12-19,11,NA
gab,2022-12-19,31,NA
telegram,2022-12-20,13,NA
truth_social,2022-12-20,714,NA
gettr,2022-12-20,38,NA
parler,2022-12-20,8,NA
gab,2022-12-20,21,NA
telegram,2022-12-21,11,NA
truth_social,2022-12-21,332,NA
gettr,2022-12-21,76,NA
parler,2022-12-21,6,NA
gab,2022-12-21,84,NA
telegram,2022-12-22,12,NA
truth_social,2022-12-22,152,NA
gettr,2022-12-22,36,NA
parler,2022-12-22,4,NA
gab,2022-12-22,28,NA
telegram,2022-12-23,20,NA
truth_social,2022-12-23,113,NA
gettr,2022-12-23,56,NA
parler,2022-12-23,7,NA
gab,2022-12-23,28,NA
telegram,2022-12-24,6,NA
truth_social,2022-12-24,182,NA
gettr,2022-12-24,53,NA
parler,2022-12-24,4,NA
gab,2022-12-24,26,NA
telegram,2022-12-25,8,NA
truth_social,2022-12-25,57,NA
gettr,2022-12-25,28,NA
parler,2022-12-25,2,NA
gab,2022-12-25,10,NA
telegram,2022-12-26,10,NA
truth_social,2022-12-26,120,NA
gettr,2022-12-26,57,NA
parler,2022-12-26,3,NA
gab,2022-12-26,30,NA
telegram,2022-12-27,5,NA
truth_social,2022-12-27,116,NA
gettr,2022-12-27,43,NA
parler,2022-12-27,2,NA
gab,2022-12-27,17,NA
telegram,2022-12-28,20,NA
truth_social,2022-12-28,112,NA
gettr,2022-12-28,44,NA
parler,2022-12-28,3,NA
gab,2022-12-28,23,NA
telegram,2022-12-29,14,NA
truth_social,2022-12-29,78,NA
gettr,2022-12-29,47,NA
parler,2022-12-29,6,NA
gab,2022-12-29,17,NA
telegram,2022-12-30,2,NA
truth_social,2022-12-30,58,NA
gettr,2022-12-30,18,NA
parler,2022-12-30,4,NA
gab,2022-12-30,16,NA
telegram,2022-12-31,12,NA
truth_social,2022-12-31,71,NA
gettr,2022-12-31,30,NA
parler,2022-12-31,2,NA
gab,2022-12-31,24,NA
telegram,2023-01-01,10,NA
truth_social,2023-01-01,110,NA
gettr,2023-01-01,42,NA
parler,2023-01-01,9,NA
gab,2023-01-01,16,NA
telegram,2023-01-02,19,NA
truth_social,2023-01-02,696,NA
gettr,2023-01-02,47,NA
parler,2023-01-02,3,NA
gab,2023-01-02,23,NA
telegram,2023-01-03,19,NA
truth_social,2023-01-03,165,NA
gettr,2023-01-03,33,NA
parler,2023-01-03,8,NA
gab,2023-01-03,31,NA
telegram,2023-01-04,22,NA
truth_social,2023-01-04,160,NA
gettr,2023-01-04,66,NA
parler,2023-01-04,6,NA
gab,2023-01-04,30,NA
telegram,2023-01-05,21,NA
truth_social,2023-01-05,245,NA
gettr,2023-01-05,60,NA
parler,2023-01-05,4,NA
gab,2023-01-05,25,NA
telegram,2023-01-06,31,NA
truth_social,2023-01-06,119,NA
gettr,2023-01-06,42,NA
parler,2023-01-06,9,NA
gab,2023-01-06,14,NA
telegram,2023-01-07,14,NA
truth_social,2023-01-07,83,NA
gettr,2023-01-07,35,NA
parler,2023-01-07,5,NA
gab,2023-01-07,18,NA
telegram,2023-01-08,28,NA
truth_social,2023-01-08,142,NA
gettr,2023-01-08,40,NA
parler,2023-01-08,8,NA
gab,2023-01-08,20,NA
telegram,2023-01-09,22,NA
truth_social,2023-01-09,139,NA
gettr,2023-01-09,62,NA
parler,2023-01-09,7,NA
gab,2023-01-09,20,NA
telegram,2023-01-10,42,NA
truth_social,2023-01-10,625,NA
gettr,2023-01-10,216,NA
parler,2023-01-10,31,NA
gab,2023-01-10,38,NA
telegram,2023-01-11,28,NA
truth_social,2023-01-11,395,NA
gettr,2023-01-11,92,NA
parler,2023-01-11,9,NA
gab,2023-01-11,25,NA
telegram,2023-01-12,17,NA
truth_social,2023-01-12,343,NA
gettr,2023-01-12,82,NA
parler,2023-01-12,8,NA
gab,2023-01-12,40,NA
telegram,2023-01-13,17,NA
truth_social,2023-01-13,197,NA
gettr,2023-01-13,67,NA
parler,2023-01-13,10,NA
gab,2023-01-13,19,NA
telegram,2023-01-14,13,NA
truth_social,2023-01-14,221,NA
gettr,2023-01-14,101,NA
parler,2023-01-14,6,NA
gab,2023-01-14,25,NA
telegram,2023-01-15,36,NA
truth_social,2023-01-15,207,NA
gettr,2023-01-15,95,NA
parler,2023-01-15,4,NA
gab,2023-01-15,23,NA
telegram,2023-01-16,24,NA
truth_social,2023-01-16,258,NA
gettr,2023-01-16,93,NA
parler,2023-01-16,19,NA
gab,2023-01-16,30,NA
telegram,2023-01-17,31,NA
truth_social,2023-01-17,355,NA
gettr,2023-01-17,90,NA
parler,2023-01-17,12,NA
gab,2023-01-17,11,NA
telegram,2023-01-18,24,NA
truth_social,2023-01-18,501,NA
gettr,2023-01-18,132,NA
parler,2023-01-18,14,NA
gab,2023-01-18,33,NA
telegram,2023-01-19,30,NA
truth_social,2023-01-19,208,NA
gettr,2023-01-19,81,NA
parler,2023-01-19,14,NA
gab,2023-01-19,77,NA
telegram,2023-01-20,10,NA
truth_social,2023-01-20,189,NA
gettr,2023-01-20,87,NA
parler,2023-01-20,11,NA
gab,2023-01-20,19,NA
telegram,2023-01-21,16,NA
truth_social,2023-01-21,131,NA
gettr,2023-01-21,78,NA
parler,2023-01-21,8,NA
gab,2023-01-21,31,NA
telegram,2023-01-22,11,NA
truth_social,2023-01-22,95,NA
gettr,2023-01-22,85,NA
parler,2023-01-22,4,NA
gab,2023-01-22,27,NA
telegram,2023-01-23,26,NA
truth_social,2023-01-23,98,NA
gettr,2023-01-23,53,NA
parler,2023-01-23,11,NA
gab,2023-01-23,28,NA
telegram,2023-01-24,22,NA
truth_social,2023-01-24,282,NA
gettr,2023-01-24,167,NA
parler,2023-01-24,12,NA
gab,2023-01-24,64,NA
telegram,2023-01-25,63,NA
truth_social,2023-01-25,1059,NA
gettr,2023-01-25,187,NA
parler,2023-01-25,35,NA
gab,2023-01-25,68,NA
telegram,2023-01-26,67,NA
truth_social,2023-01-26,496,NA
gettr,2023-01-26,159,NA
parler,2023-01-26,23,NA
gab,2023-01-26,30,NA
telegram,2023-01-27,17,NA
truth_social,2023-01-27,207,NA
gettr,2023-01-27,81,NA
parler,2023-01-27,9,NA
gab,2023-01-27,32,NA
telegram,2023-01-28,8,NA
truth_social,2023-01-28,154,NA
gettr,2023-01-28,45,NA
parler,2023-01-28,7,NA
gab,2023-01-28,23,NA
telegram,2023-01-29,21,NA
truth_social,2023-01-29,125,NA
gettr,2023-01-29,61,NA
parler,2023-01-29,12,NA
gab,2023-01-29,25,NA
telegram,2023-01-30,22,NA
truth_social,2023-01-30,197,NA
gettr,2023-01-30,78,NA
parler,2023-01-30,11,NA
gab,2023-01-30,106,NA
telegram,2023-01-31,20,NA
truth_social,2023-01-31,137,NA
gettr,2023-01-31,55,NA
parler,2023-01-31,10,NA
gab,2023-01-31,69,NA
telegram,2023-02-01,10,NA
truth_social,2023-02-01,98,NA
gettr,2023-02-01,76,NA
parler,2023-02-01,3,NA
gab,2023-02-01,32,NA
telegram,2023-02-02,10,NA
truth_social,2023-02-02,228,NA
gettr,2023-02-02,52,NA
parler,2023-02-02,8,NA
gab,2023-02-02,27,NA
telegram,2023-02-03,40,NA
truth_social,2023-02-03,712,NA
gettr,2023-02-03,181,NA
parler,2023-02-03,33,NA
gab,2023-02-03,66,NA
telegram,2023-02-04,12,NA
truth_social,2023-02-04,240,NA
gettr,2023-02-04,101,NA
parler,2023-02-04,16,NA
gab,2023-02-04,37,NA
telegram,2023-02-05,23,NA
truth_social,2023-02-05,207,NA
gettr,2023-02-05,56,NA
parler,2023-02-05,8,NA
gab,2023-02-05,26,NA
telegram,2023-02-06,13,NA
truth_social,2023-02-06,104,NA
gettr,2023-02-06,62,NA
parler,2023-02-06,12,NA
gab,2023-02-06,67,NA
telegram,2023-02-07,14,NA
truth_social,2023-02-07,172,NA
gettr,2023-02-07,51,NA
parler,2023-02-07,7,NA
gab,2023-02-07,43,NA
telegram,2023-02-08,22,NA
truth_social,2023-02-08,139,NA
gettr,2023-02-08,46,NA
parler,2023-02-08,5,NA
gab,2023-02-08,22,NA
telegram,2023-02-09,27,NA
truth_social,2023-02-09,156,NA
gettr,2023-02-09,75,NA
parler,2023-02-09,8,NA
gab,2023-02-09,32,NA
telegram,2023-02-10,23,NA
truth_social,2023-02-10,122,NA
gettr,2023-02-10,46,NA
parler,2023-02-10,6,NA
gab,2023-02-10,34,NA
telegram,2023-02-11,9,NA
truth_social,2023-02-11,152,NA
gettr,2023-02-11,61,NA
parler,2023-02-11,4,NA
gab,2023-02-11,15,NA
telegram,2023-02-12,6,NA
truth_social,2023-02-12,201,NA
gettr,2023-02-12,72,NA
parler,2023-02-12,7,NA
gab,2023-02-12,26,NA
telegram,2023-02-13,22,NA
truth_social,2023-02-13,180,NA
gettr,2023-02-13,69,NA
parler,2023-02-13,3,NA
gab,2023-02-13,11,NA
telegram,2023-02-14,27,NA
truth_social,2023-02-14,220,NA
gettr,2023-02-14,97,NA
parler,2023-02-14,11,NA
gab,2023-02-14,40,NA
telegram,2023-02-15,18,NA
truth_social,2023-02-15,197,NA
gettr,2023-02-15,77,NA
parler,2023-02-15,4,NA
gab,2023-02-15,26,NA
telegram,2023-02-16,12,NA
truth_social,2023-02-16,130,NA
gettr,2023-02-16,82,NA
parler,2023-02-16,8,NA
gab,2023-02-16,40,NA
telegram,2023-02-17,13,NA
truth_social,2023-02-17,151,NA
gettr,2023-02-17,77,NA
parler,2023-02-17,8,NA
gab,2023-02-17,27,NA
telegram,2023-02-18,21,NA
truth_social,2023-02-18,279,NA
gettr,2023-02-18,109,NA
parler,2023-02-18,10,NA
gab,2023-02-18,47,NA
telegram,2023-02-19,13,NA
truth_social,2023-02-19,162,NA
gettr,2023-02-19,50,NA
parler,2023-02-19,6,NA
gab,2023-02-19,23,NA
telegram,2023-02-20,9,NA
truth_social,2023-02-20,202,NA
gettr,2023-02-20,57,NA
parler,2023-02-20,2,NA
gab,2023-02-20,26,NA
telegram,2023-02-21,18,NA
truth_social,2023-02-21,214,NA
gettr,2023-02-21,119,NA
parler,2023-02-21,10,NA
gab,2023-02-21,59,NA
telegram,2023-02-22,14,NA
truth_social,2023-02-22,581,NA
gettr,2023-02-22,101,NA
parler,2023-02-22,9,NA
gab,2023-02-22,55,NA
telegram,2023-02-23,40,NA
truth_social,2023-02-23,308,NA
gettr,2023-02-23,126,NA
parler,2023-02-23,12,NA
gab,2023-02-23,48,NA
telegram,2023-02-24,40,NA
truth_social,2023-02-24,277,NA
gettr,2023-02-24,119,NA
parler,2023-02-24,6,NA
gab,2023-02-24,39,NA
telegram,2023-02-25,28,NA
truth_social,2023-02-25,384,NA
gettr,2023-02-25,209,NA
parler,2023-02-25,6,NA
gab,2023-02-25,100,NA
telegram,2023-02-26,24,NA
truth_social,2023-02-26,631,NA
gettr,2023-02-26,111,NA
parler,2023-02-26,12,NA
gab,2023-02-26,55,NA
telegram,2023-02-27,18,NA
truth_social,2023-02-27,360,NA
gettr,2023-02-27,89,NA
parler,2023-02-27,10,NA
gab,2023-02-27,47,NA
telegram,2023-02-28,29,NA
truth_social,2023-02-28,164,NA
gettr,2023-02-28,33,NA
parler,2023-02-28,7,NA
gab,2023-02-28,35,NA
telegram,2023-03-01,21,NA
truth_social,2023-03-01,142,NA
gettr,2023-03-01,72,NA
parler,2023-03-01,6,NA
gab,2023-03-01,32,NA
telegram,2023-03-02,10,NA
truth_social,2023-03-02,244,NA
gettr,2023-03-02,73,NA
parler,2023-03-02,7,NA
gab,2023-03-02,24,NA
telegram,2023-03-03,15,NA
truth_social,2023-03-03,246,NA
gettr,2023-03-03,56,NA
parler,2023-03-03,10,NA
gab,2023-03-03,19,NA
telegram,2023-03-04,8,NA
truth_social,2023-03-04,81,NA
gettr,2023-03-04,34,NA
parler,2023-03-04,1,NA
gab,2023-03-04,18,NA
telegram,2023-03-05,9,NA
truth_social,2023-03-05,103,NA
gettr,2023-03-05,22,NA
parler,2023-03-05,8,NA
gab,2023-03-05,10,NA
telegram,2023-03-06,50,NA
truth_social,2023-03-06,1581,NA
gettr,2023-03-06,225,NA
parler,2023-03-06,16,NA
gab,2023-03-06,138,NA
telegram,2023-03-07,39,NA
truth_social,2023-03-07,1228,NA
gettr,2023-03-07,212,NA
parler,2023-03-07,25,NA
gab,2023-03-07,116,NA
telegram,2023-03-08,16,NA
truth_social,2023-03-08,439,NA
gettr,2023-03-08,102,NA
parler,2023-03-08,12,NA
gab,2023-03-08,66,NA
telegram,2023-03-09,19,NA
truth_social,2023-03-09,171,NA
gettr,2023-03-09,62,NA
parler,2023-03-09,11,NA
gab,2023-03-09,46,NA
telegram,2023-03-10,13,NA
truth_social,2023-03-10,170,NA
gettr,2023-03-10,65,NA
parler,2023-03-10,8,NA
gab,2023-03-10,50,NA
telegram,2023-03-11,23,NA
truth_social,2023-03-11,218,NA
gettr,2023-03-11,80,NA
parler,2023-03-11,10,NA
gab,2023-03-11,88,NA
telegram,2023-03-12,26,NA
truth_social,2023-03-12,187,NA
gettr,2023-03-12,96,NA
parler,2023-03-12,8,NA
gab,2023-03-12,86,NA
telegram,2023-03-13,36,NA
truth_social,2023-03-13,165,NA
gettr,2023-03-13,63,NA
parler,2023-03-13,10,NA
gab,2023-03-13,46,NA
telegram,2023-03-14,9,NA
truth_social,2023-03-14,103,NA
gettr,2023-03-14,64,NA
parler,2023-03-14,8,NA
gab,2023-03-14,36,NA
telegram,2023-03-15,28,NA
truth_social,2023-03-15,275,NA
gettr,2023-03-15,78,NA
parler,2023-03-15,13,NA
gab,2023-03-15,45,NA
telegram,2023-03-16,37,NA
truth_social,2023-03-16,347,NA
gettr,2023-03-16,91,NA
parler,2023-03-16,10,NA
gab,2023-03-16,84,NA
telegram,2023-03-17,20,NA
truth_social,2023-03-17,66,NA
gettr,2023-03-17,39,NA
parler,2023-03-17,4,NA
gab,2023-03-17,33,NA
telegram,2023-03-18,28,NA
truth_social,2023-03-18,264,NA
gettr,2023-03-18,47,NA
parler,2023-03-18,5,NA
gab,2023-03-18,47,NA
telegram,2023-03-19,26,NA
truth_social,2023-03-19,442,NA
gettr,2023-03-19,112,NA
parler,2023-03-19,14,NA
gab,2023-03-19,132,NA
telegram,2023-03-20,30,NA
truth_social,2023-03-20,254,NA
gettr,2023-03-20,68,NA
parler,2023-03-20,10,NA
gab,2023-03-20,65,NA
telegram,2023-03-21,39,NA
truth_social,2023-03-21,249,NA
gettr,2023-03-21,79,NA
parler,2023-03-21,6,NA
gab,2023-03-21,66,NA
telegram,2023-03-22,29,NA
truth_social,2023-03-22,418,NA
gettr,2023-03-22,159,NA
parler,2023-03-22,16,NA
gab,2023-03-22,109,NA
telegram,2023-03-23,24,NA
truth_social,2023-03-23,127,NA
gettr,2023-03-23,60,NA
parler,2023-03-23,7,NA
gab,2023-03-23,122,NA
telegram,2023-03-24,20,NA
truth_social,2023-03-24,151,NA
gettr,2023-03-24,44,NA
parler,2023-03-24,8,NA
gab,2023-03-24,71,NA
telegram,2023-03-25,5,NA
truth_social,2023-03-25,125,NA
gettr,2023-03-25,22,NA
parler,2023-03-25,6,NA
gab,2023-03-25,36,NA
telegram,2023-03-26,18,NA
truth_social,2023-03-26,83,NA
gettr,2023-03-26,46,NA
parler,2023-03-26,7,NA
gab,2023-03-26,61,NA
telegram,2023-03-27,17,NA
truth_social,2023-03-27,118,NA
gettr,2023-03-27,37,NA
parler,2023-03-27,4,NA
gab,2023-03-27,65,NA
telegram,2023-03-28,17,NA
truth_social,2023-03-28,90,NA
gettr,2023-03-28,33,NA
parler,2023-03-28,6,NA
gab,2023-03-28,66,NA
telegram,2023-03-29,29,NA
truth_social,2023-03-29,133,NA
gettr,2023-03-29,80,NA
parler,2023-03-29,10,NA
gab,2023-03-29,124,NA
telegram,2023-03-30,27,NA
truth_social,2023-03-30,255,NA
gettr,2023-03-30,70,NA
parler,2023-03-30,10,NA
gab,2023-03-30,103,NA
telegram,2023-03-31,20,NA
truth_social,2023-03-31,161,NA
gettr,2023-03-31,85,NA
parler,2023-03-31,13,NA
gab,2023-03-31,87,NA
telegram,2023-04-01,22,NA
truth_social,2023-04-01,141,NA
gettr,2023-04-01,51,NA
parler,2023-04-01,9,NA
gab,2023-04-01,90,NA
telegram,2023-04-02,10,NA
truth_social,2023-04-02,95,NA
gettr,2023-04-02,29,NA
parler,2023-04-02,12,NA
gab,2023-04-02,71,NA
telegram,2023-04-03,31,NA
truth_social,2023-04-03,360,NA
gettr,2023-04-03,98,NA
parler,2023-04-03,15,NA
gab,2023-04-03,164,NA
telegram,2023-04-04,28,NA
truth_social,2023-04-04,602,NA
gettr,2023-04-04,110,NA
parler,2023-04-04,21,NA
gab,2023-04-04,218,NA
telegram,2023-04-05,23,NA
truth_social,2023-04-05,261,NA
gettr,2023-04-05,41,NA
parler,2023-04-05,8,NA
gab,2023-04-05,113,NA
telegram,2023-04-06,20,NA
truth_social,2023-04-06,227,NA
gettr,2023-04-06,46,NA
parler,2023-04-06,24,NA
gab,2023-04-06,83,NA
telegram,2023-04-07,16,NA
truth_social,2023-04-07,245,NA
gettr,2023-04-07,90,NA
parler,2023-04-07,8,NA
gab,2023-04-07,73,NA
telegram,2023-04-08,15,NA
truth_social,2023-04-08,78,NA
gettr,2023-04-08,39,NA
parler,2023-04-08,8,NA
gab,2023-04-08,93,NA
telegram,2023-04-09,8,NA
truth_social,2023-04-09,40,NA
gettr,2023-04-09,20,NA
parler,2023-04-09,3,NA
gab,2023-04-09,39,NA
telegram,2023-04-10,18,NA
truth_social,2023-04-10,48,NA
gettr,2023-04-10,35,NA
parler,2023-04-10,7,NA
gab,2023-04-10,52,NA
telegram,2023-04-11,16,NA
truth_social,2023-04-11,238,NA
gettr,2023-04-11,100,NA
parler,2023-04-11,11,NA
gab,2023-04-11,172,NA
telegram,2023-04-12,17,NA
truth_social,2023-04-12,118,NA
gettr,2023-04-12,49,NA
parler,2023-04-12,4,NA
gab,2023-04-12,98,NA
telegram,2023-04-13,10,NA
truth_social,2023-04-13,61,NA
gettr,2023-04-13,34,NA
parler,2023-04-13,4,NA
gab,2023-04-13,80,NA
telegram,2023-04-14,17,NA
truth_social,2023-04-14,80,NA
gettr,2023-04-14,31,NA
parler,2023-04-14,3,NA
gab,2023-04-14,88,NA
telegram,2023-04-15,6,NA
truth_social,2023-04-15,75,NA
gettr,2023-04-15,21,NA
parler,2023-04-15,0,NA
gab,2023-04-15,39,NA
,,,
,,,
,,,
,,,
,,,
,,,
,,,
,,,
,,,
,,,
,,,
,,,
,,,
,,,
,,,
